DepartmentFamily,Entity,Date,ExpenseType,ExpenseArea,Supplier,PaymentNumber,InvoiceDistributionAmount,InvoiceLineDescription,SupplierPostCode,TransactionType
FOOD STANDARDS AGENCY - Westminster,FOOD STANDARDS AGENCY - Westminster,2016-09-13,EXP - RENTALS UNDER NON-PFI OPERATING LEASES - OTHER RENTALS - RENT,Security & Estates,D T Z,1011700854,1841181.65,RACK RENT,EC2N 2BQ,ADMIN
FOOD STANDARDS AGENCY - Westminster,FOOD STANDARDS AGENCY - Westminster,2016-09-13,EXP - RENTALS UNDER NON-PFI OPERATING LEASES - OTHER RENTALS - RENT,Security & Estates,D T Z,1011700854,368236.33,RACK RENT,EC2N 2BQ,ADMIN
FOOD STANDARDS AGENCY - Westminster,FOOD STANDARDS AGENCY - Westminster,2016-09-22,EXP - PURCHASE OF GOODS/SERV-ICT OUTSOURC&MAINT/SUPP- IT SUPPORT SERVICES,IT Service Delivery,CAPITA SECURE INFORMATION SOLUTIONS LTD,1011700948,279190.83,CORE SERVICE CHARGE,SN14 0TW,ADMIN
FOOD STANDARDS AGENCY - Westminster,FOOD STANDARDS AGENCY - Westminster,2016-09-15,EXP - PURCHASE OF GOODS/SERVICES - SHARED SERV OUTSRCG- CIVIL SERV PENSION ADMIN,Finance Director & Branch,LONDON PENSIONS FUND AUTHORITY,1011700883,149333,SEPT FUND VALUATION 2013,EC3N 4LP,ADMIN
FOOD STANDARDS AGENCY - Westminster,FOOD STANDARDS AGENCY - Westminster,2016-09-07,EXP - PURCHASE OF GOODS/SERVICES - ACCOMMODATION & BLDNG MANAGEMENT - CILOR,Security & Estates,LONDON BOROUGH OF CAMDEN,1011700802,105468,Bulk Order PO - 2016-17 Business Rates ,WC1H 8EQ,ADMIN
FOOD STANDARDS AGENCY - Westminster,FOOD STANDARDS AGENCY - Westminster,2016-09-15,EXP - PURCHASE OF GOODS/SERVICES - CONSULTANCY,IT Strategy,RAINMAKER SOLUTIONS LTD,1011700874,102095.25,Rainmaker - Evolve IT Mobilisation - Stage 1 (July),MK18 1HD,ADMIN
FOOD STANDARDS AGENCY - Westminster,FOOD STANDARDS AGENCY - Westminster,2016-09-28,EXP - PURCHASE OF GOODS/SERVICES - OTHER - PROGRAMME EXPENDITURE,Contaminants HoD,C E F A S,2012700062,69649.85,CUST ID 1000079,NR33 0HT,PROGRAMME
FOOD STANDARDS AGENCY - Westminster,FOOD STANDARDS AGENCY - Westminster,2016-09-15,EXP - PURCHASE OF GOODS/SERVICES - CONSULTANCY,IT Strategy,RAINMAKER SOLUTIONS LTD,1011700874,61257.15,FIX PRICE CONTRACT,MK18 1HD,ADMIN
FOOD STANDARDS AGENCY - Westminster,FOOD STANDARDS AGENCY - Westminster,2016-09-19,EXP - PURCHASE OF GOODS/SERVICES - ACCOMM & BLDNG MGMT - SHARED SITE RECHARGE,Security & Estates,G4S FACILITIES MANAGEMENT UK LTD,1011700912,55175.83,G4S INVOICE 90137106 - CONTRACT CHARGES SEPT 2016,S81 7QF,ADMIN
FOOD STANDARDS AGENCY - Westminster,FOOD STANDARDS AGENCY - Westminster,2016-09-08,EXP - PURCHASE OF GOODS/SERVICES - OTHER - PROGRAMME EXPENDITURE,Operations Local Delivery ,WILLIAMS LEA LTD,1011700817,35248.47,SGD0012359,EC1M 4NA,PROGRAMME
FOOD STANDARDS AGENCY - Westminster,FOOD STANDARDS AGENCY - Westminster,2016-09-19,EXP - PURCHASE OF GOODS/SERVICES - OTHER ENERGY/UTILITIES/WASTE COST,Security & Estates,EDF ENERGY PLC,1011700911,33387.76,EDF ENERGY INVOICE 2044243 - SEPT 2016,EX1 3UT,ADMIN
FOOD STANDARDS AGENCY - Westminster,FOOD STANDARDS AGENCY - Westminster,2016-09-29,EXP - PURCHASE OF GOODS/SERVICES - OTHER - PROGRAMME EXPENDITURE,Operations Local Delivery ,C E F A S,2012700063,33320.12,CUST ID 1000079,NR33 0HT,PROGRAMME
FOOD STANDARDS AGENCY - Westminster,FOOD STANDARDS AGENCY - Westminster,2016-09-15,EXP - PURCHASE OF GOODS/SERVICES - OTHER ENERGY/UTILITIES/WASTE COST,Procurement,DEPARTMENT OF ENERGY & CLIMATE CHANGE,2012700056,32177.6,CRC ENERGY EFFICIENCY SCHEME PHASE 2 ALLOWANCE,SW1A 2HH,ADMIN
FOOD STANDARDS AGENCY - Westminster,FOOD STANDARDS AGENCY - Westminster,2016-09-20,EXP - PURCHASE OF GOODS/SERVICES - OTHER - PROGRAMME EXPENDITURE,Operations Local Delivery ,C E F A S,2012700059,31950.8,TO CORRECT MATCHING OF INVOICE 8006056,NR33 0HT,PROGRAMME
FOOD STANDARDS AGENCY - Westminster,FOOD STANDARDS AGENCY - Westminster,2016-09-20,EXP - PURCHASE OF GOODS/SERVICES - OTHER - PROGRAMME EXPENDITURE,Operations Local Delivery ,C E F A S,2012700059,28299.28,CUST ID 1000079,NR33 0HT,PROGRAMME
FOOD STANDARDS AGENCY - Westminster,FOOD STANDARDS AGENCY - Westminster,2016-09-30,EXP - PURCHASE OF GOODS/SERVICES - OTHER ENERGY/UTILITIES/WASTE COST,Security & Estates,E D F ENERGY,11000007,25058.19,CHAPS - EDF ENERGY ACCOUNT 4852210000-INV 1602134-APRIL,EX1 3UT,ADMIN
FOOD STANDARDS AGENCY - Westminster,FOOD STANDARDS AGENCY - Westminster,2016-09-14,EXP - PURCHASE OF GOODS/SERVICES - OTHER - PROGRAMME EXPENDITURE,Chief Scientist,DEFRA,2012700055,25000,DEFRA017,YO1 2YX,PROGRAMME
FOOD STANDARDS AGENCY - Westminster,FOOD STANDARDS AGENCY - Westminster,2016-09-14,EXP - PURCHASE OF GOODS/SERVICES - OTHER - PROGRAMME EXPENDITURE,Chief Scientist,DEFRA,2012700055,25000,DEFRA017,YO1 2YX,PROGRAMME
FOOD STANDARDS AGENCY - Westminster,FOOD STANDARDS AGENCY - Westminster,2016-09-01,EXP - PURCHASE OF GOODS/SERVICES - OTHER - PROGRAMME EXPENDITURE,Allergens,CAMBRIDGE UNIVERSITY HOSP NHSFT,2012700045,24221.25,CHALLENGE VELOCITY TARGET AND PARTICIPANT PROGRESSION THROUGH STUDY TARGET,CB2 0QQ,PROGRAMME
FOOD STANDARDS AGENCY - Westminster,FOOD STANDARDS AGENCY - Westminster,2016-09-01,EXP - PURCHASE OF GOODS/SERVICES - OTHER - PROGRAMME EXPENDITURE,Allergens,CAMBRIDGE UNIVERSITY HOSP NHSFT,2012700045,24221.15,CHALLENGE VELOCITY TARGET AND PARTICIPANT PROGRESSION THROUGH STUDY TARGET,CB2 0QQ,PROGRAMME
FOOD STANDARDS AGENCY - Westminster,FOOD STANDARDS AGENCY - Westminster,2016-09-01,EXP - PURCHASE OF GOODS/SERVICES - OTHER - PROGRAMME EXPENDITURE,Allergens,CAMBRIDGE UNIVERSITY HOSP NHSFT,2012700045,24221.15,CHALLENGE VELOCITY TARGET AND PARTICIPANT PROGRESSION THROUGH STUDY TARGET,CB2 0QQ,PROGRAMME
FOOD STANDARDS AGENCY - Westminster,FOOD STANDARDS AGENCY - Westminster,2016-09-01,EXP - PURCHASE OF GOODS/SERVICES - OTHER - PROGRAMME EXPENDITURE,Allergens,CAMBRIDGE UNIVERSITY HOSP NHSFT,2012700045,24221.15,CHALLENGE VELOCITY TARGET AND PARTICIPANT PROGRESSION THROUGH STUDY TARGET,CB2 0QQ,PROGRAMME
FOOD STANDARDS AGENCY - Westminster,FOOD STANDARDS AGENCY - Westminster,2016-09-01,EXP - PURCHASE OF GOODS/SERVICES - OTHER - PROGRAMME EXPENDITURE,Allergens,CAMBRIDGE UNIVERSITY HOSP NHSFT,2012700045,24221.15,CHALLENGE VELOCITY TARGET AND PARTICIPANT PROGRESSION THROUGH STUDY TARGET,CB2 0QQ,PROGRAMME
FOOD STANDARDS AGENCY - Westminster,FOOD STANDARDS AGENCY - Westminster,2016-09-20,EXP - PURCHASE OF GOODS/SERVICES - OTHER - PROGRAMME EXPENDITURE,Operations Local Delivery ,C E F A S,2012700059,22526.56,CUST ID 1000079,NR33 0HT,PROGRAMME
FOOD STANDARDS AGENCY - Westminster,FOOD STANDARDS AGENCY - Westminster,2016-09-20,EXP - PURCHASE OF GOODS/SERVICES - OTHER - PROGRAMME EXPENDITURE,Operations Local Delivery ,C E F A S,2012700059,22526.56,TO CORRECT MATCHING OF INVOICE 8006056,NR33 0HT,PROGRAMME
FOOD STANDARDS AGENCY - Westminster,FOOD STANDARDS AGENCY - Westminster,2016-09-29,EXP - PURCHASE OF GOODS/SERVICES - OTHER - PROGRAMME EXPENDITURE,Operations Local Delivery ,C E F A S,2012700063,22526.56,CUST ID 1000079,NR33 0HT,PROGRAMME
FOOD STANDARDS AGENCY - Westminster,FOOD STANDARDS AGENCY - Westminster,2016-09-19,EXP - PURCHASE OF GOODS/SERVICES - OTHER FACILTIES COSTS - SECURITY,Security & Estates,G4S FACILITIES MANAGEMENT UK LTD,1011700912,20923.86,G4S INVOICE 90137106 - CONTRACT CHARGES SEPT 2016,S81 7QF,ADMIN
FOOD STANDARDS AGENCY - Westminster,FOOD STANDARDS AGENCY - Westminster,2016-09-28,EXP - AMORTISATION - INTANGIBLE ASSETS,Operations Assurance ,S F W LTD,1011700982,20670,FSA01:7 GO LIVE PHASE 2,GU22 7UY,PROGRAMME
FOOD STANDARDS AGENCY - Westminster,FOOD STANDARDS AGENCY - Westminster,2016-09-20,EXP - PURCHASE OF GOODS/SERVICES - OTHER - PROGRAMME EXPENDITURE,Operations Local Delivery ,C E F A S,2012700059,20652.32,CUST ID 1000079,NR33 0HT,PROGRAMME
FOOD STANDARDS AGENCY - Westminster,FOOD STANDARDS AGENCY - Westminster,2016-09-20,EXP - PURCHASE OF GOODS/SERVICES - OTHER - PROGRAMME EXPENDITURE,Operations Local Delivery ,C E F A S,2012700059,20652.32,TO CORRECT MATCHING OF INVOICE 8006056,NR33 0HT,PROGRAMME
FOOD STANDARDS AGENCY - Westminster,FOOD STANDARDS AGENCY - Westminster,2016-09-29,EXP - PURCHASE OF GOODS/SERVICES - OTHER - PROGRAMME EXPENDITURE,Operations Local Delivery ,C E F A S,2012700063,20652.32,CUST ID 1000079,NR33 0HT,PROGRAMME
FOOD STANDARDS AGENCY - Westminster,FOOD STANDARDS AGENCY - Westminster,2016-09-13,"EXP - PURCHASE OF GOODS/SERVICES - TRICHINELLA TESTING, CARRIAGE & CONSUMABLES",Operational Delivery,TOPSPEED COURIERS LIMITED,1011700852,17865,TRICHINELLA,WA16 8XN,PROGRAMME
FOOD STANDARDS AGENCY - Westminster,FOOD STANDARDS AGENCY - Westminster,2016-09-13,EXP - PURCHASE OF GOODS/SERVICES - OTHER - CARRIAGE OF SAMPLES,Operational Delivery,TOPSPEED COURIERS LIMITED,1011700852,17258.6,RIM,WA16 8XN,PROGRAMME
FOOD STANDARDS AGENCY - Westminster,FOOD STANDARDS AGENCY - Westminster,2016-09-23,EXP - PURCHASE OF GOODS/SERVICES- OTHER -MEAT INSPECTION EQUIPMENT / CONSUMABLES,Operational Delivery,ARCO UK LTD,1011700965,17156.98,GOOD UP UNTIL 30JUN16,HU1 2SJ,PROGRAMME
FOOD STANDARDS AGENCY - Westminster,FOOD STANDARDS AGENCY - Westminster,2016-09-28,EXP - PURCHASE OF GOODS/SERVICES - OTHER - PROGRAMME EXPENDITURE,Contaminants HoD,C E F A S,2012700062,17047,CUST ID 1000079,NR33 0HT,PROGRAMME
FOOD STANDARDS AGENCY - Westminster,FOOD STANDARDS AGENCY - Westminster,2016-09-14,EXP - PURCHASE OF GOODS/SERVICES - OTHER - PROGRAMME EXPENDITURE,Chief Scientist,LGC LTD,1011700869,16600.76,MRC281239 FSA_MULTISPECTRAL IMAGING,TW11 0LY,PROGRAMME
FOOD STANDARDS AGENCY - Westminster,FOOD STANDARDS AGENCY - Westminster,2016-09-20,EXP - PURCHASE OF GOODS/SERVICES - OTHER - PROGRAMME EXPENDITURE,Operations Local Delivery ,C E F A S,2012700059,16497.98,CUST ID 1000079,NR33 0HT,PROGRAMME
FOOD STANDARDS AGENCY - Westminster,FOOD STANDARDS AGENCY - Westminster,2016-09-20,EXP - PURCHASE OF GOODS/SERVICES - OTHER - PROGRAMME EXPENDITURE,Operations Local Delivery ,C E F A S,2012700059,16497.98,TO CORRECT MATCHING OF INVOICE 8006056,NR33 0HT,PROGRAMME
FOOD STANDARDS AGENCY - Westminster,FOOD STANDARDS AGENCY - Westminster,2016-09-29,EXP - PURCHASE OF GOODS/SERVICES - OTHER - PROGRAMME EXPENDITURE,Operations Local Delivery ,C E F A S,2012700063,16497.98,CUST ID 1000079,NR33 0HT,PROGRAMME
FOOD STANDARDS AGENCY - Westminster,FOOD STANDARDS AGENCY - Westminster,2016-09-20,EXP - PURCHASE OF GOODS/SERVICES - OTHER - PROGRAMME EXPENDITURE,Operations Local Delivery ,C E F A S,2012700059,15386,CUST ID 1000079,NR33 0HT,PROGRAMME
FOOD STANDARDS AGENCY - Westminster,FOOD STANDARDS AGENCY - Westminster,2016-09-20,EXP - PURCHASE OF GOODS/SERVICES - OTHER - PROGRAMME EXPENDITURE,Operations Local Delivery ,C E F A S,2012700059,15386,TO CORRECT MATCHING OF INVOICE 8006056,NR33 0HT,PROGRAMME
FOOD STANDARDS AGENCY - Westminster,FOOD STANDARDS AGENCY - Westminster,2016-09-29,EXP - PURCHASE OF GOODS/SERVICES - OTHER - PROGRAMME EXPENDITURE,Operations Local Delivery ,C E F A S,2012700063,15386,CUST ID 1000079,NR33 0HT,PROGRAMME
FOOD STANDARDS AGENCY - Westminster,FOOD STANDARDS AGENCY - Westminster,2016-09-23,EXP - PURCHASE OF GOODS/SERVICES- OTHER -MEAT INSPECTION EQUIPMENT / CONSUMABLES,Operational Delivery,ARCO UK LTD,1011700965,14067.62,GOOD UP UNTIL 31MAY16,HU1 2SJ,PROGRAMME
FOOD STANDARDS AGENCY - Westminster,FOOD STANDARDS AGENCY - Westminster,2016-09-14,EXP - PURCHASE OF GOODS/SERVICES - OTHER - PROGRAMME EXPENDITURE,Chief Scientist,LGC LTD,1011700869,10353.15,MRC281239 FSA_MULTISPECTRAL IMAGING,TW11 0LY,PROGRAMME
FOOD STANDARDS AGENCY - Westminster,FOOD STANDARDS AGENCY - Westminster,2016-09-22,EXP - PURCHASE OF GOODS/SERVICES - ICT OUTSOURCING & MAINT/SUPPORT,IT Strategy,CAPITA SECURE INFORMATION SOLUTIONS LTD,1011700948,10000,CUSTOMER NUM ZFOO0001,SN14 0TW,ADMIN
FOOD STANDARDS AGENCY - Westminster,FOOD STANDARDS AGENCY - Westminster,2016-09-28,EXP - AMORTISATION - INTANGIBLE ASSETS,Operations Assurance ,S F W LTD,1011700982,9836,A/C RED FSA ENGLAND,GU22 7UY,PROGRAMME
FOOD STANDARDS AGENCY - Westminster,FOOD STANDARDS AGENCY - Westminster,2016-09-22,EXP - AMORTISATION - INTANGIBLE ASSETS,IT Strategy,CAPITA SECURE INFORMATION SOLUTIONS LTD,1011700948,9477.14,SCCM DEPLOYMENT,SN14 0TW,ADMIN
FOOD STANDARDS AGENCY - Westminster,FOOD STANDARDS AGENCY - Westminster,2016-09-14,EXP - PURCHASE OF GOODS/SERVICES - OTHER - PROGRAMME EXPENDITURE,Chief Scientist,LGC LTD,1011700869,7297.56,MRC281239 FSA_MULTISPECTRAL IMAGING,TW11 0LY,PROGRAMME
FOOD STANDARDS AGENCY - Westminster,FOOD STANDARDS AGENCY - Westminster,2016-09-08,EXP - PURCHASE OF GOODS/SERVICES - OTHER - PROGRAMME EXPENDITURE,Operations Local Delivery ,WILLIAMS LEA LTD,1011700817,7049.69,SGD0012359,EC1M 4NA,PROGRAMME
FOOD STANDARDS AGENCY - Westminster,FOOD STANDARDS AGENCY - Westminster,2016-09-13,EXP - PURCHASE OF GOODS/SERVICES - OTHER - CARRIAGE OF SAMPLES,Operational Delivery,TOPSPEED COURIERS LIMITED,1011700852,7040,TB PROJECT,WA16 8XN,PROGRAMME
FOOD STANDARDS AGENCY - Westminster,FOOD STANDARDS AGENCY - Westminster,2016-09-14,EXP - PURCHASE OF GOODS/SERVICES - OTHER - PROGRAMME EXPENDITURE,Chief Scientist,LGC LTD,1011700869,6946.17,MRC281239 FSA_MULTISPECTRAL IMAGING,TW11 0LY,PROGRAMME
FOOD STANDARDS AGENCY - Westminster,FOOD STANDARDS AGENCY - Westminster,2016-09-22,EXP - PURCHASE OF GOODS/SERV-ICT OUTSOURC&MAINT/SUPP- IT SUPPORT SERVICES,IT Service Delivery,CAPITA SECURE INFORMATION SOLUTIONS LTD,1011700948,5260.3,VOIP CALL CHARGES,SN14 0TW,ADMIN
FOOD STANDARDS AGENCY - Westminster,FOOD STANDARDS AGENCY - Westminster,2016-09-30,EXP - PURCHASE OF GOODS/SERVICES - OTHER ENERGY/UTILITIES/WASTE COST,Security & Estates,E D F ENERGY,11000007,5011.63,CHAPS - EDF ENERGY ACCOUNT 4852210000-INV 1602134-APRIL,EX1 3UT,ADMIN
FOOD STANDARDS AGENCY - Westminster,FOOD STANDARDS AGENCY - Westminster,2016-09-22,EXP - PURCHASE OF GOODS/SERVICES - OTHER ICT COSTS - IT DEVELOPMENT,IT Strategy,CAPITA SECURE INFORMATION SOLUTIONS LTD,1011700948,4813.77,YORK IL2 CONSOLIDATION,SN14 0TW,ADMIN
FOOD STANDARDS AGENCY - Westminster,FOOD STANDARDS AGENCY - Westminster,2016-09-22,EXP - AMORTISATION - INTANGIBLE ASSETS,IT Strategy,CAPITA SECURE INFORMATION SOLUTIONS LTD,1011700948,3861.15,CITRIX IMPLEMENTATION,SN14 0TW,ADMIN
FOOD STANDARDS AGENCY - Westminster,FOOD STANDARDS AGENCY - Westminster,2016-09-23,EXP - PURCHASE OF GOODS/SERVICES- OTHER -MEAT INSPECTION EQUIPMENT / CONSUMABLES,Operational Delivery,ARCO UK LTD,1011700965,3431.38,GOOD UP UNTIL 30JUN16,HU1 2SJ,PROGRAMME
FOOD STANDARDS AGENCY - Westminster,FOOD STANDARDS AGENCY - Westminster,2016-09-28,EXP - PURCHASE OF GOODS/SERVICES - OTHER - PROGRAMME EXPENDITURE,Contaminants HoD,C E F A S,2012700062,3409.4,CUST ID 1000079,NR33 0HT,PROGRAMME
FOOD STANDARDS AGENCY - Westminster,FOOD STANDARDS AGENCY - Westminster,2016-09-22,EXP - PURCHASE OF GOODS/SERVICES - OTHER ICT COSTS - COMPUTER HARDWARE,IT Service Delivery,CAPITA SECURE INFORMATION SOLUTIONS LTD,1011700948,3136,CUSTOMER NUM ZFOO0001,SN14 0TW,ADMIN
FOOD STANDARDS AGENCY - Westminster,FOOD STANDARDS AGENCY - Westminster,2016-09-26,EXP - PURCHASE OF GOODS/SERVICES - RAIL TRAVEL,Operations Local Delivery ,REDFERN TRAVEL LTD,1011700969,2927.7,BUSINESS TRAVEL WEEK 38,BD1 5HQ,ADMIN
FOOD STANDARDS AGENCY - Westminster,FOOD STANDARDS AGENCY - Westminster,2016-09-23,EXP - PURCHASE OF GOODS/SERVICES- OTHER -MEAT INSPECTION EQUIPMENT / CONSUMABLES,Operational Delivery,ARCO UK LTD,1011700965,2813.48,GOOD UP UNTIL 31MAY16,HU1 2SJ,PROGRAMME
FOOD STANDARDS AGENCY - Westminster,FOOD STANDARDS AGENCY - Westminster,2016-09-16,EXP - PURCHASE OF GOODS/SERVICES - RAIL TRAVEL,Operations Local Delivery ,REDFERN TRAVEL LTD,1011700888,2565.6,BUSINESS TRAVEL WEEK 37,BD1 5HQ,ADMIN
FOOD STANDARDS AGENCY - Westminster,FOOD STANDARDS AGENCY - Westminster,2016-09-16,EXP - PURCHASE OF GOODS/SERVICES - SUBSISTENCE,Operations Local Delivery ,REDFERN TRAVEL LTD,1011700888,2015.37,BUSINESS TRAVEL WEEK 37,BD1 5HQ,ADMIN
FOOD STANDARDS AGENCY - Westminster,FOOD STANDARDS AGENCY - Westminster,2016-09-26,EXP - PURCHASE OF GOODS/SERVICES - RAIL TRAVEL,Operational Delivery,REDFERN TRAVEL LTD,1011700969,1924.65,BUSINESS TRAVEL WEEK 38,BD1 5HQ,PROGRAMME
FOOD STANDARDS AGENCY - Westminster,FOOD STANDARDS AGENCY - Westminster,2016-09-22,EXP - AMORTISATION - INTANGIBLE ASSETS,IT Strategy,CAPITA SECURE INFORMATION SOLUTIONS LTD,1011700948,1895.43,SCCM DEPLOYMENT,SN14 0TW,ADMIN
FOOD STANDARDS AGENCY - Westminster,FOOD STANDARDS AGENCY - Westminster,2016-09-13,EXP - PURCHASE OF GOODS/SERVICES - OTHER - CARRIAGE OF SAMPLES,Operational Delivery,TOPSPEED COURIERS LIMITED,1011700852,1890,CAMPY,WA16 8XN,PROGRAMME
FOOD STANDARDS AGENCY - Westminster,FOOD STANDARDS AGENCY - Westminster,2016-09-14,EXP - PURCHASE OF GOODS/SERVICES - OTHER - PROGRAMME EXPENDITURE,Chief Scientist,LGC LTD,1011700869,1876.34,MRC281239 FSA_MULTISPECTRAL IMAGING,TW11 0LY,PROGRAMME
FOOD STANDARDS AGENCY - Westminster,FOOD STANDARDS AGENCY - Westminster,2016-09-16,EXP - PURCHASE OF GOODS/SERVICES - FOREIGN SUBSISTENCE,Regulatory & International,REDFERN TRAVEL LTD,1011700888,1781.85,BUSINESS TRAVEL WEEK 37,BD1 5HQ,ADMIN
FOOD STANDARDS AGENCY - Westminster,FOOD STANDARDS AGENCY - Westminster,2016-09-26,EXP - PURCHASE OF GOODS/SERVICES - RAIL TRAVEL,Finance Director & Branch,REDFERN TRAVEL LTD,1011700969,1674.55,BUSINESS TRAVEL WEEK 38,BD1 5HQ,ADMIN
FOOD STANDARDS AGENCY - Westminster,FOOD STANDARDS AGENCY - Westminster,2016-09-26,EXP - PURCHASE OF GOODS/SERVICES - SUBSISTENCE,Operations Local Delivery ,REDFERN TRAVEL LTD,1011700969,1649.95,BUSINESS TRAVEL WEEK 38,BD1 5HQ,ADMIN
FOOD STANDARDS AGENCY - Westminster,FOOD STANDARDS AGENCY - Westminster,2016-09-16,EXP - PURCHASE OF GOODS/SERVICES - RAIL TRAVEL,Operations Assurance ,REDFERN TRAVEL LTD,1011700888,1625.5,BUSINESS TRAVEL WEEK 37,BD1 5HQ,PROGRAMME
FOOD STANDARDS AGENCY - Westminster,FOOD STANDARDS AGENCY - Westminster,2016-09-16,EXP - PURCHASE OF GOODS/SERVICES - RAIL TRAVEL,Planning and Performance,REDFERN TRAVEL LTD,1011700888,1551.35,BUSINESS TRAVEL WEEK 37,BD1 5HQ,ADMIN
FOOD STANDARDS AGENCY - Westminster,FOOD STANDARDS AGENCY - Westminster,2016-09-26,EXP - PURCHASE OF GOODS/SERVICES - RAIL TRAVEL,Operations Assurance ,REDFERN TRAVEL LTD,1011700969,1383.15,BUSINESS TRAVEL WEEK 38,BD1 5HQ,PROGRAMME
FOOD STANDARDS AGENCY - Westminster,FOOD STANDARDS AGENCY - Westminster,2016-09-26,EXP - PURCHASE OF GOODS/SERVICES - RAIL TRAVEL,Planning and Performance,REDFERN TRAVEL LTD,1011700969,1372.4,BUSINESS TRAVEL WEEK 38,BD1 5HQ,ADMIN
FOOD STANDARDS AGENCY - Westminster,FOOD STANDARDS AGENCY - Westminster,2016-09-16,EXP - PURCHASE OF GOODS/SERVICES - RAIL TRAVEL,Operational Delivery,REDFERN TRAVEL LTD,1011700888,1311,BUSINESS TRAVEL WEEK 37,BD1 5HQ,PROGRAMME
FOOD STANDARDS AGENCY - Westminster,FOOD STANDARDS AGENCY - Westminster,2016-09-15,EXP - PURCHASE OF GOODS/SERVICES - CONSULTANCY,IT Strategy,RAINMAKER SOLUTIONS LTD,1011700874,1148.55,FIX PRICE CONTRACT,MK18 1HD,ADMIN
FOOD STANDARDS AGENCY - Westminster,FOOD STANDARDS AGENCY - Westminster,2016-09-13,EXP - PURCHASE OF GOODS/SERVICES - OTHER - CARRIAGE OF SAMPLES,Operational Delivery,TOPSPEED COURIERS LIMITED,1011700852,1102.9,RCDM COLLECTIONS,WA16 8XN,PROGRAMME
FOOD STANDARDS AGENCY - Westminster,FOOD STANDARDS AGENCY - Westminster,2016-09-22,EXP - PURCHASE OF GOODS/SERV-ICT OUTSOURC&MAINT/SUPP- IT SUPPORT SERVICES,IT Service Delivery,CAPITA SECURE INFORMATION SOLUTIONS LTD,1011700948,1052.06,VOIP CALL CHARGES,SN14 0TW,ADMIN
FOOD STANDARDS AGENCY - Westminster,FOOD STANDARDS AGENCY - Westminster,2016-09-22,EXP - PURCHASE OF GOODS/SERVICES - OTHER ICT COSTS - COMPUTER HARDWARE,IT Service Delivery,CAPITA SECURE INFORMATION SOLUTIONS LTD,1011700948,1028.4,FHRS ENHANCED UTILISATION,SN14 0TW,ADMIN
FOOD STANDARDS AGENCY - Westminster,FOOD STANDARDS AGENCY - Westminster,2016-09-22,EXP - PURCHASE OF GOODS/SERVICES - OTHER ICT COSTS - IT DEVELOPMENT,IT Strategy,CAPITA SECURE INFORMATION SOLUTIONS LTD,1011700948,962.75,YORK IL2 CONSOLIDATION,SN14 0TW,ADMIN
FOOD STANDARDS AGENCY - Westminster,FOOD STANDARDS AGENCY - Westminster,2016-09-22,EXP - PURCHASE OF GOODS/SERV-ICT OUTSOURC&MAINT/SUPP- IT SUPPORT SERVICES,IT Service Delivery,CAPITA SECURE INFORMATION SOLUTIONS LTD,1011700948,942,AVH POWER DOWN,SN14 0TW,ADMIN
FOOD STANDARDS AGENCY - Westminster,FOOD STANDARDS AGENCY - Westminster,2016-09-22,EXP - PURCHASE OF GOODS/SERV-ICT OUTSOURC&MAINT/SUPP- IT SUPPORT SERVICES,IT Service Delivery,CAPITA SECURE INFORMATION SOLUTIONS LTD,1011700948,942,AVH POWER DOWN,SN14 0TW,ADMIN
FOOD STANDARDS AGENCY - Westminster,FOOD STANDARDS AGENCY - Westminster,2016-09-26,EXP - PURCHASE OF GOODS/SERVICES - SUBSISTENCE,Operations Assurance ,REDFERN TRAVEL LTD,1011700969,932.56,BUSINESS TRAVEL WEEK 38,BD1 5HQ,PROGRAMME
FOOD STANDARDS AGENCY - Westminster,FOOD STANDARDS AGENCY - Westminster,2016-09-16,EXP - PURCHASE OF GOODS/SERVICES - RAIL TRAVEL,Finance Director & Branch,REDFERN TRAVEL LTD,1011700888,905.65,BUSINESS TRAVEL WEEK 37,BD1 5HQ,ADMIN
FOOD STANDARDS AGENCY - Westminster,FOOD STANDARDS AGENCY - Westminster,2016-09-13,EXP - PURCHASE OF GOODS/SERVICES - OTHER - CARRIAGE OF SAMPLES,Operational Delivery,TOPSPEED COURIERS LIMITED,1011700852,855,AMR X 19,WA16 8XN,PROGRAMME
FOOD STANDARDS AGENCY - Westminster,FOOD STANDARDS AGENCY - Westminster,2016-09-22,EXP - AMORTISATION - INTANGIBLE ASSETS,IT Strategy,CAPITA SECURE INFORMATION SOLUTIONS LTD,1011700948,772.23,CITRIX IMPLEMENTATION,SN14 0TW,ADMIN
FOOD STANDARDS AGENCY - Westminster,FOOD STANDARDS AGENCY - Westminster,2016-09-26,EXP - PURCHASE OF GOODS/SERVICES - RAIL TRAVEL,Chief Executive & Private Office,REDFERN TRAVEL LTD,1011700969,747.7,BUSINESS TRAVEL WEEK 38,BD1 5HQ,ADMIN
FOOD STANDARDS AGENCY - Westminster,FOOD STANDARDS AGENCY - Westminster,2016-09-16,EXP - PURCHASE OF GOODS/SERVICES -  FOREIGN AIR TRAVEL,Chief Scientist,REDFERN TRAVEL LTD,1011700888,704.71,BUSINESS TRAVEL WEEK 37,BD1 5HQ,ADMIN
FOOD STANDARDS AGENCY - Westminster,FOOD STANDARDS AGENCY - Westminster,2016-09-26,EXP - PURCHASE OF GOODS/SERVICES - SUBSISTENCE,IT Information & Knowledge Management,REDFERN TRAVEL LTD,1011700969,699.12,BUSINESS TRAVEL WEEK 38,BD1 5HQ,ADMIN
FOOD STANDARDS AGENCY - Westminster,FOOD STANDARDS AGENCY - Westminster,2016-09-16,EXP - PURCHASE OF GOODS/SERVICES - RAIL TRAVEL,Chief Executive & Private Office,REDFERN TRAVEL LTD,1011700888,690,BUSINESS TRAVEL WEEK 37,BD1 5HQ,ADMIN
FOOD STANDARDS AGENCY - Westminster,FOOD STANDARDS AGENCY - Westminster,2016-09-16,EXP - PURCHASE OF GOODS/SERVICES - SUBSISTENCE,Operational Delivery,REDFERN TRAVEL LTD,1011700888,679.23,BUSINESS TRAVEL WEEK 37,BD1 5HQ,PROGRAMME
FOOD STANDARDS AGENCY - Westminster,FOOD STANDARDS AGENCY - Westminster,2016-09-16,EXP - PURCHASE OF GOODS/SERVICES - RAIL TRAVEL,Food Incidents & Resilience - Prog,REDFERN TRAVEL LTD,1011700888,657.5,BUSINESS TRAVEL WEEK 37,BD1 5HQ,PROGRAMME
FOOD STANDARDS AGENCY - Westminster,FOOD STANDARDS AGENCY - Westminster,2016-09-26,EXP - PURCHASE OF GOODS/SERVICES - SUBSISTENCE,Comms Directors Office,REDFERN TRAVEL LTD,1011700969,644.72,BUSINESS TRAVEL WEEK 38,BD1 5HQ,ADMIN
FOOD STANDARDS AGENCY - Westminster,FOOD STANDARDS AGENCY - Westminster,2016-09-22,EXP - PURCHASE OF GOODS/SERVICES - OTHER ICT COSTS - COMPUTER HARDWARE,IT Service Delivery,CAPITA SECURE INFORMATION SOLUTIONS LTD,1011700948,628.7,CUSTOMER NUM ZFOO0001,SN14 0TW,ADMIN
FOOD STANDARDS AGENCY - Westminster,FOOD STANDARDS AGENCY - Westminster,2016-09-26,EXP - PURCHASE OF GOODS/SERVICES - RAIL TRAVEL,Organisational Development,REDFERN TRAVEL LTD,1011700969,604.3,BUSINESS TRAVEL WEEK 38,BD1 5HQ,ADMIN
FOOD STANDARDS AGENCY - Westminster,FOOD STANDARDS AGENCY - Westminster,2016-09-26,EXP - PURCHASE OF GOODS/SERVICES - RAIL TRAVEL,IT Information & Knowledge Management,REDFERN TRAVEL LTD,1011700969,597.05,BUSINESS TRAVEL WEEK 38,BD1 5HQ,ADMIN
FOOD STANDARDS AGENCY - Westminster,FOOD STANDARDS AGENCY - Westminster,2016-09-15,EXP - PURCHASE OF GOODS/SERVICES - CONSULTANCY,IT Strategy,RAINMAKER SOLUTIONS LTD,1011700874,585.45,Rainmaker - Evolve IT Mobilisation - Stage 1 (July),MK18 1HD,ADMIN
FOOD STANDARDS AGENCY - Westminster,FOOD STANDARDS AGENCY - Westminster,2016-09-26,EXP - PURCHASE OF GOODS/SERVICES - SUBSISTENCE,Internal Audit,REDFERN TRAVEL LTD,1011700969,568.7,BUSINESS TRAVEL WEEK 38,BD1 5HQ,ADMIN
FOOD STANDARDS AGENCY - Westminster,FOOD STANDARDS AGENCY - Westminster,2016-09-22,EXP - PURCHASE OF GOODS/SERVICES - TELECOMS - TELEPHONE,IT Service Delivery,CAPITA SECURE INFORMATION SOLUTIONS LTD,1011700948,517.5,NEW HOME BROADBAND,SN14 0TW,ADMIN
FOOD STANDARDS AGENCY - Westminster,FOOD STANDARDS AGENCY - Westminster,2016-09-26,EXP - PURCHASE OF GOODS/SERVICES - RAIL TRAVEL,Area 2 Wales - Cluster 21,REDFERN TRAVEL LTD,1011700969,512.3,BUSINESS TRAVEL WEEK 38,BD1 5HQ,PROGRAMME
FOOD STANDARDS AGENCY - Westminster,FOOD STANDARDS AGENCY - Westminster,2016-09-16,EXP - PURCHASE OF GOODS/SERVICES - AIR TRAVEL,Food Crime Unit - Admin,REDFERN TRAVEL LTD,1011700888,459.28,BUSINESS TRAVEL WEEK 37,BD1 5HQ,ADMIN
FOOD STANDARDS AGENCY - Westminster,FOOD STANDARDS AGENCY - Westminster,2016-09-26,EXP - PURCHASE OF GOODS/SERVICES - RAIL TRAVEL,Food Crime Unit - Admin,REDFERN TRAVEL LTD,1011700969,447.6,BUSINESS TRAVEL WEEK 38,BD1 5HQ,ADMIN
FOOD STANDARDS AGENCY - Westminster,FOOD STANDARDS AGENCY - Westminster,2016-09-22,EXP - AMORTISATION - INTANGIBLE ASSETS,IT Strategy,CAPITA SECURE INFORMATION SOLUTIONS LTD,1011700948,424.8,RSA TOKEN REPLACEMENT,SN14 0TW,ADMIN
FOOD STANDARDS AGENCY - Westminster,FOOD STANDARDS AGENCY - Westminster,2016-09-22,EXP - PURCHASE OF GOODS/SERVICES - OTHER ICT COSTS - IT DEVELOPMENT,IT Strategy,CAPITA SECURE INFORMATION SOLUTIONS LTD,1011700948,424.74,INFRASTRUC. CONVERGENCE PHASE 1,SN14 0TW,ADMIN
FOOD STANDARDS AGENCY - Westminster,FOOD STANDARDS AGENCY - Westminster,2016-09-26,EXP - PURCHASE OF GOODS/SERVICES - AIR TRAVEL,Food Crime Unit - Admin,REDFERN TRAVEL LTD,1011700969,423.46,BUSINESS TRAVEL WEEK 38,BD1 5HQ,ADMIN
FOOD STANDARDS AGENCY - Westminster,FOOD STANDARDS AGENCY - Westminster,2016-09-22,EXP - AMORTISATION - INTANGIBLE ASSETS,IT Strategy,CAPITA SECURE INFORMATION SOLUTIONS LTD,1011700948,419.04,GOOD COLLABORATION SUITE,SN14 0TW,ADMIN
FOOD STANDARDS AGENCY - Westminster,FOOD STANDARDS AGENCY - Westminster,2016-09-16,EXP - PURCHASE OF GOODS/SERVICES - SUBSISTENCE,Directorate Support Unit,REDFERN TRAVEL LTD,1011700888,403.92,BUSINESS TRAVEL WEEK 37,BD1 5HQ,ADMIN
FOOD STANDARDS AGENCY - Westminster,FOOD STANDARDS AGENCY - Westminster,2016-09-16,EXP - PURCHASE OF GOODS/SERVICES - RAIL TRAVEL,Area 3 North West England - Cluster 35,REDFERN TRAVEL LTD,1011700888,388,BUSINESS TRAVEL WEEK 37,BD1 5HQ,PROGRAMME
FOOD STANDARDS AGENCY - Westminster,FOOD STANDARDS AGENCY - Westminster,2016-09-26,EXP - PURCHASE OF GOODS/SERVICES - RAIL TRAVEL,Area 4 North East England - Cluster 47,REDFERN TRAVEL LTD,1011700969,385.7,BUSINESS TRAVEL WEEK 38,BD1 5HQ,PROGRAMME
FOOD STANDARDS AGENCY - Westminster,FOOD STANDARDS AGENCY - Westminster,2016-09-26,EXP - PURCHASE OF GOODS/SERVICES - RAIL TRAVEL,Comms Directors Office,REDFERN TRAVEL LTD,1011700969,377.4,BUSINESS TRAVEL WEEK 38,BD1 5HQ,ADMIN
FOOD STANDARDS AGENCY - Westminster,FOOD STANDARDS AGENCY - Westminster,2016-09-16,EXP - PURCHASE OF GOODS/SERVICES - RAIL TRAVEL,Area 6 South East England - Cluster 62,REDFERN TRAVEL LTD,1011700888,376.8,BUSINESS TRAVEL WEEK 37,BD1 5HQ,PROGRAMME
FOOD STANDARDS AGENCY - Westminster,FOOD STANDARDS AGENCY - Westminster,2016-09-16,EXP - PURCHASE OF GOODS/SERVICES - AIR TRAVEL,Allergens,REDFERN TRAVEL LTD,1011700888,362.82,BUSINESS TRAVEL WEEK 37,BD1 5HQ,ADMIN
FOOD STANDARDS AGENCY - Westminster,FOOD STANDARDS AGENCY - Westminster,2016-09-22,EXP - PURCHASE OF GOODS/SERV-ICT OUTSOURC&MAINT/SUPP- IT SUPPORT SERVICES,IT Service Delivery,CAPITA SECURE INFORMATION SOLUTIONS LTD,1011700948,362.5,AVH POWER DOWN,SN14 0TW,ADMIN
FOOD STANDARDS AGENCY - Westminster,FOOD STANDARDS AGENCY - Westminster,2016-09-28,EXP - PURCHASE OF GOODS/SERVICES - ICT OUTSOURCING & MAINT/SUPPORT,Operations Assurance ,S F W LTD,1011700982,356,A/C RED FSAENGLA,GU22 7UY,PROGRAMME
FOOD STANDARDS AGENCY - Westminster,FOOD STANDARDS AGENCY - Westminster,2016-09-16,EXP - PURCHASE OF GOODS/SERVICES - RAIL TRAVEL,Area 4 North East England - Cluster 47,REDFERN TRAVEL LTD,1011700888,353.1,BUSINESS TRAVEL WEEK 37,BD1 5HQ,PROGRAMME
FOOD STANDARDS AGENCY - Westminster,FOOD STANDARDS AGENCY - Westminster,2016-09-26,EXP - PURCHASE OF GOODS/SERVICES - SUBSISTENCE,Food Crime Unit - Admin,REDFERN TRAVEL LTD,1011700969,348.76,BUSINESS TRAVEL WEEK 38,BD1 5HQ,ADMIN
FOOD STANDARDS AGENCY - Westminster,FOOD STANDARDS AGENCY - Westminster,2016-09-26,EXP - PURCHASE OF GOODS/SERVICES - RAIL TRAVEL,Chemical Risk Assessment Unit,REDFERN TRAVEL LTD,1011700969,348.6,BUSINESS TRAVEL WEEK 38,BD1 5HQ,ADMIN
FOOD STANDARDS AGENCY - Westminster,FOOD STANDARDS AGENCY - Westminster,2016-09-26,EXP - PURCHASE OF GOODS/SERVICES - RAIL TRAVEL,Area 5 South West England - Cluster 57,REDFERN TRAVEL LTD,1011700969,331.4,BUSINESS TRAVEL WEEK 38,BD1 5HQ,PROGRAMME
FOOD STANDARDS AGENCY - Westminster,FOOD STANDARDS AGENCY - Westminster,2016-09-26,EXP - PURCHASE OF GOODS/SERVICES - RAIL TRAVEL,Area 6 South East England - Cluster 62,REDFERN TRAVEL LTD,1011700969,326.6,BUSINESS TRAVEL WEEK 38,BD1 5HQ,PROGRAMME
FOOD STANDARDS AGENCY - Westminster,FOOD STANDARDS AGENCY - Westminster,2016-09-16,EXP - PURCHASE OF GOODS/SERVICES - SUBSISTENCE,Area 2 Wales - Cluster 23,REDFERN TRAVEL LTD,1011700888,326.03,BUSINESS TRAVEL WEEK 37,BD1 5HQ,PROGRAMME
FOOD STANDARDS AGENCY - Westminster,FOOD STANDARDS AGENCY - Westminster,2016-09-26,EXP - PURCHASE OF GOODS/SERVICES - RAIL TRAVEL,IT Service Delivery,REDFERN TRAVEL LTD,1011700969,325.3,BUSINESS TRAVEL WEEK 38,BD1 5HQ,ADMIN
FOOD STANDARDS AGENCY - Westminster,FOOD STANDARDS AGENCY - Westminster,2016-09-26,EXP - PURCHASE OF GOODS/SERVICES - RAIL TRAVEL,Internal Audit,REDFERN TRAVEL LTD,1011700969,321.5,BUSINESS TRAVEL WEEK 38,BD1 5HQ,ADMIN
FOOD STANDARDS AGENCY - Westminster,FOOD STANDARDS AGENCY - Westminster,2016-09-16,EXP - PURCHASE OF GOODS/SERVICES - RAIL TRAVEL,Internal Audit,REDFERN TRAVEL LTD,1011700888,321.1,BUSINESS TRAVEL WEEK 37,BD1 5HQ,ADMIN
FOOD STANDARDS AGENCY - Westminster,FOOD STANDARDS AGENCY - Westminster,2016-09-16,EXP - PURCHASE OF GOODS/SERVICES - SUBSISTENCE,Allergens,REDFERN TRAVEL LTD,1011700888,316.06,BUSINESS TRAVEL WEEK 37,BD1 5HQ,ADMIN
FOOD STANDARDS AGENCY - Westminster,FOOD STANDARDS AGENCY - Westminster,2016-09-16,EXP - PURCHASE OF GOODS/SERVICES - RAIL TRAVEL,Comms Directors Office,REDFERN TRAVEL LTD,1011700888,309.4,BUSINESS TRAVEL WEEK 37,BD1 5HQ,ADMIN
FOOD STANDARDS AGENCY - Westminster,FOOD STANDARDS AGENCY - Westminster,2016-09-16,EXP - PURCHASE OF GOODS/SERVICES - SUBSISTENCE,Food Incidents & Resilience - Prog,REDFERN TRAVEL LTD,1011700888,301.56,BUSINESS TRAVEL WEEK 37,BD1 5HQ,PROGRAMME
FOOD STANDARDS AGENCY - Westminster,FOOD STANDARDS AGENCY - Westminster,2016-09-16,EXP - PURCHASE OF GOODS/SERVICES - RAIL TRAVEL,Area 5 South West England - Cluster 57,REDFERN TRAVEL LTD,1011700888,287.6,BUSINESS TRAVEL WEEK 37,BD1 5HQ,PROGRAMME
FOOD STANDARDS AGENCY - Westminster,FOOD STANDARDS AGENCY - Westminster,2016-09-16,EXP - PURCHASE OF GOODS/SERVICES - AIR TRAVEL,Operations Assurance ,REDFERN TRAVEL LTD,1011700888,280.61,BUSINESS TRAVEL WEEK 37,BD1 5HQ,PROGRAMME
FOOD STANDARDS AGENCY - Westminster,FOOD STANDARDS AGENCY - Westminster,2016-09-16,EXP - PURCHASE OF GOODS/SERVICES - RAIL TRAVEL,Area 2 Wales - Cluster 21,REDFERN TRAVEL LTD,1011700888,280.6,BUSINESS TRAVEL WEEK 37,BD1 5HQ,PROGRAMME
FOOD STANDARDS AGENCY - Westminster,FOOD STANDARDS AGENCY - Westminster,2016-09-26,EXP - PURCHASE OF GOODS/SERVICES - AIR TRAVEL,Regulatory & International,REDFERN TRAVEL LTD,1011700969,274,BUSINESS TRAVEL WEEK 38,BD1 5HQ,ADMIN
FOOD STANDARDS AGENCY - Westminster,FOOD STANDARDS AGENCY - Westminster,2016-09-26,EXP - PURCHASE OF GOODS/SERVICES - SUBSISTENCE,Area 5 South West England - Cluster 57,REDFERN TRAVEL LTD,1011700969,252.08,BUSINESS TRAVEL WEEK 38,BD1 5HQ,PROGRAMME
FOOD STANDARDS AGENCY - Westminster,FOOD STANDARDS AGENCY - Westminster,2016-09-22,EXP - PURCHASE OF GOODS/SERV-ICT OUTSOURC&MAINT/SUPP- IT SUPPORT SERVICES,IT Service Delivery,CAPITA SECURE INFORMATION SOLUTIONS LTD,1011700948,250,AVH POWER DOWN,SN14 0TW,ADMIN
FOOD STANDARDS AGENCY - Westminster,FOOD STANDARDS AGENCY - Westminster,2016-09-16,EXP - PURCHASE OF GOODS/SERVICES -  FOREIGN AIR TRAVEL,Imports & Exports Team (Admin),REDFERN TRAVEL LTD,1011700888,248,BUSINESS TRAVEL WEEK 37,BD1 5HQ,ADMIN
FOOD STANDARDS AGENCY - Westminster,FOOD STANDARDS AGENCY - Westminster,2016-09-16,EXP - PURCHASE OF GOODS/SERVICES - AIR TRAVEL,Comms Directors Office,REDFERN TRAVEL LTD,1011700888,245.81,BUSINESS TRAVEL WEEK 37,BD1 5HQ,ADMIN
FOOD STANDARDS AGENCY - Westminster,FOOD STANDARDS AGENCY - Westminster,2016-09-16,EXP - PURCHASE OF GOODS/SERVICES - FOREIGN SUBSISTENCE,Contaminants HoD,REDFERN TRAVEL LTD,1011700888,243.8,BUSINESS TRAVEL WEEK 37,BD1 5HQ,ADMIN
FOOD STANDARDS AGENCY - Westminster,FOOD STANDARDS AGENCY - Westminster,2016-09-16,EXP - PURCHASE OF GOODS/SERVICES - RAIL TRAVEL,IT Information & Knowledge Management,REDFERN TRAVEL LTD,1011700888,243.7,BUSINESS TRAVEL WEEK 37,BD1 5HQ,ADMIN
FOOD STANDARDS AGENCY - Westminster,FOOD STANDARDS AGENCY - Westminster,2016-09-26,EXP - PURCHASE OF GOODS/SERVICES - SUBSISTENCE,Area 5 South West England - Cluster 55,REDFERN TRAVEL LTD,1011700969,232.2,BUSINESS TRAVEL WEEK 38,BD1 5HQ,PROGRAMME
FOOD STANDARDS AGENCY - Westminster,FOOD STANDARDS AGENCY - Westminster,2016-09-26,EXP - PURCHASE OF GOODS/SERVICES - RAIL TRAVEL,Animal Feed     ,REDFERN TRAVEL LTD,1011700969,232,BUSINESS TRAVEL WEEK 38,BD1 5HQ,ADMIN
FOOD STANDARDS AGENCY - Westminster,FOOD STANDARDS AGENCY - Westminster,2016-09-16,EXP - PURCHASE OF GOODS/SERVICES - RAIL TRAVEL,Legal Branch A & Investigations,REDFERN TRAVEL LTD,1011700888,230.15,BUSINESS TRAVEL WEEK 37,BD1 5HQ,ADMIN
FOOD STANDARDS AGENCY - Westminster,FOOD STANDARDS AGENCY - Westminster,2016-09-16,EXP - PURCHASE OF GOODS/SERVICES - AIR TRAVEL,Contaminants Policy & Strategy Unit,REDFERN TRAVEL LTD,1011700888,229,BUSINESS TRAVEL WEEK 37,BD1 5HQ,ADMIN
FOOD STANDARDS AGENCY - Westminster,FOOD STANDARDS AGENCY - Westminster,2016-09-26,EXP - PURCHASE OF GOODS/SERVICES - SUBSISTENCE,Finance Director & Branch,REDFERN TRAVEL LTD,1011700969,224,BUSINESS TRAVEL WEEK 38,BD1 5HQ,ADMIN
FOOD STANDARDS AGENCY - Westminster,FOOD STANDARDS AGENCY - Westminster,2016-09-16,EXP - PURCHASE OF GOODS/SERVICES - RAIL TRAVEL,Area 3 North West England - Cluster 32,REDFERN TRAVEL LTD,1011700888,213.75,BUSINESS TRAVEL WEEK 37,BD1 5HQ,PROGRAMME
FOOD STANDARDS AGENCY - Westminster,FOOD STANDARDS AGENCY - Westminster,2016-09-16,EXP - PURCHASE OF GOODS/SERVICES - SUBSISTENCE,Comms Directors Office,REDFERN TRAVEL LTD,1011700888,209.91,BUSINESS TRAVEL WEEK 37,BD1 5HQ,ADMIN
FOOD STANDARDS AGENCY - Westminster,FOOD STANDARDS AGENCY - Westminster,2016-09-16,EXP - PURCHASE OF GOODS/SERVICES - RAIL TRAVEL,Area 2 Wales - Cluster 23,REDFERN TRAVEL LTD,1011700888,207.3,BUSINESS TRAVEL WEEK 37,BD1 5HQ,PROGRAMME
FOOD STANDARDS AGENCY - Westminster,FOOD STANDARDS AGENCY - Westminster,2016-09-16,EXP - PURCHASE OF GOODS/SERVICES - RAIL TRAVEL,Directorate Support Unit,REDFERN TRAVEL LTD,1011700888,206.9,BUSINESS TRAVEL WEEK 37,BD1 5HQ,ADMIN
FOOD STANDARDS AGENCY - Westminster,FOOD STANDARDS AGENCY - Westminster,2016-09-26,EXP - PURCHASE OF GOODS/SERVICES - RAIL TRAVEL,Area 4 North East England - Cluster 45,REDFERN TRAVEL LTD,1011700969,206,BUSINESS TRAVEL WEEK 38,BD1 5HQ,PROGRAMME
FOOD STANDARDS AGENCY - Westminster,FOOD STANDARDS AGENCY - Westminster,2016-09-26,EXP - PURCHASE OF GOODS/SERVICES - RAIL TRAVEL,Microbiological Food Safety Branch,REDFERN TRAVEL LTD,1011700969,200,BUSINESS TRAVEL WEEK 38,BD1 5HQ,ADMIN
FOOD STANDARDS AGENCY - Westminster,FOOD STANDARDS AGENCY - Westminster,2016-09-22,EXP - PURCHASE OF GOODS/SERVICES - OTHER ICT COSTS - COMPUTER HARDWARE,IT Service Delivery,CAPITA SECURE INFORMATION SOLUTIONS LTD,1011700948,189.5,REPLACEMENT HDD,SN14 0TW,ADMIN
FOOD STANDARDS AGENCY - Westminster,FOOD STANDARDS AGENCY - Westminster,2016-09-26,EXP - PURCHASE OF GOODS/SERVICES - RAIL TRAVEL,Area 3 North West England - Cluster 32,REDFERN TRAVEL LTD,1011700969,188.35,BUSINESS TRAVEL WEEK 38,BD1 5HQ,PROGRAMME
FOOD STANDARDS AGENCY - Westminster,FOOD STANDARDS AGENCY - Westminster,2016-09-26,EXP - PURCHASE OF GOODS/SERVICES - SUBSISTENCE,Operational Delivery,REDFERN TRAVEL LTD,1011700969,179.25,BUSINESS TRAVEL WEEK 38,BD1 5HQ,PROGRAMME
FOOD STANDARDS AGENCY - Westminster,FOOD STANDARDS AGENCY - Westminster,2016-09-26,EXP - PURCHASE OF GOODS/SERVICES - RAIL TRAVEL,Area 3 North West England - Cluster 35,REDFERN TRAVEL LTD,1011700969,178.7,BUSINESS TRAVEL WEEK 38,BD1 5HQ,PROGRAMME
FOOD STANDARDS AGENCY - Westminster,FOOD STANDARDS AGENCY - Westminster,2016-09-16,EXP - PURCHASE OF GOODS/SERVICES - RAIL TRAVEL,Regulatory & International,REDFERN TRAVEL LTD,1011700888,177.9,BUSINESS TRAVEL WEEK 37,BD1 5HQ,ADMIN
FOOD STANDARDS AGENCY - Westminster,FOOD STANDARDS AGENCY - Westminster,2016-09-26,EXP - PURCHASE OF GOODS/SERVICES - RAIL TRAVEL,Area 6 South East England - Cluster 63,REDFERN TRAVEL LTD,1011700969,177.3,BUSINESS TRAVEL WEEK 38,BD1 5HQ,PROGRAMME
FOOD STANDARDS AGENCY - Westminster,FOOD STANDARDS AGENCY - Westminster,2016-09-26,EXP - PURCHASE OF GOODS/SERVICES - RAIL TRAVEL,Area 6 South East England - Cluster 64,REDFERN TRAVEL LTD,1011700969,176.45,BUSINESS TRAVEL WEEK 38,BD1 5HQ,PROGRAMME
FOOD STANDARDS AGENCY - Westminster,FOOD STANDARDS AGENCY - Westminster,2016-09-26,EXP - PURCHASE OF GOODS/SERVICES -  FOREIGN AIR TRAVEL,Food Production Branch,REDFERN TRAVEL LTD,1011700969,174,BUSINESS TRAVEL WEEK 38,BD1 5HQ,ADMIN
FOOD STANDARDS AGENCY - Westminster,FOOD STANDARDS AGENCY - Westminster,2016-09-26,EXP - PURCHASE OF GOODS/SERVICES -  FOREIGN AIR TRAVEL,Food Hygiene Policy Branch,REDFERN TRAVEL LTD,1011700969,174,BUSINESS TRAVEL WEEK 38,BD1 5HQ,ADMIN
FOOD STANDARDS AGENCY - Westminster,FOOD STANDARDS AGENCY - Westminster,2016-09-26,EXP - PURCHASE OF GOODS/SERVICES - AIR TRAVEL,Operations Assurance ,REDFERN TRAVEL LTD,1011700969,172.13,BUSINESS TRAVEL WEEK 38,BD1 5HQ,PROGRAMME
FOOD STANDARDS AGENCY - Westminster,FOOD STANDARDS AGENCY - Westminster,2016-09-26,EXP - PURCHASE OF GOODS/SERVICES - RAIL TRAVEL,Food Crime Unit - Prog,REDFERN TRAVEL LTD,1011700969,171.8,BUSINESS TRAVEL WEEK 38,BD1 5HQ,PROGRAMME
FOOD STANDARDS AGENCY - Westminster,FOOD STANDARDS AGENCY - Westminster,2016-09-26,EXP - PURCHASE OF GOODS/SERVICES - RAIL TRAVEL,Area 4 North East England - Cluster 46,REDFERN TRAVEL LTD,1011700969,169.5,BUSINESS TRAVEL WEEK 38,BD1 5HQ,PROGRAMME
FOOD STANDARDS AGENCY - Westminster,FOOD STANDARDS AGENCY - Westminster,2016-09-26,EXP - PURCHASE OF GOODS/SERVICES - RAIL TRAVEL,Regulatory & International,REDFERN TRAVEL LTD,1011700969,169.2,BUSINESS TRAVEL WEEK 38,BD1 5HQ,ADMIN
FOOD STANDARDS AGENCY - Westminster,FOOD STANDARDS AGENCY - Westminster,2016-09-26,EXP - PURCHASE OF GOODS/SERVICES - RAIL TRAVEL,Non Meat Field Ops,REDFERN TRAVEL LTD,1011700969,168,BUSINESS TRAVEL WEEK 38,BD1 5HQ,PROGRAMME
FOOD STANDARDS AGENCY - Westminster,FOOD STANDARDS AGENCY - Westminster,2016-09-16,EXP - PURCHASE OF GOODS/SERVICES - RAIL TRAVEL,Imports & Exports Team (Admin),REDFERN TRAVEL LTD,1011700888,164.2,BUSINESS TRAVEL WEEK 37,BD1 5HQ,ADMIN
FOOD STANDARDS AGENCY - Westminster,FOOD STANDARDS AGENCY - Westminster,2016-09-16,EXP - PURCHASE OF GOODS/SERVICES - RAIL TRAVEL,IT Service Delivery,REDFERN TRAVEL LTD,1011700888,162.1,BUSINESS TRAVEL WEEK 37,BD1 5HQ,ADMIN
FOOD STANDARDS AGENCY - Westminster,FOOD STANDARDS AGENCY - Westminster,2016-09-26,EXP - PURCHASE OF GOODS/SERVICES - RAIL TRAVEL,Analysis & Research Branch,REDFERN TRAVEL LTD,1011700969,158.2,BUSINESS TRAVEL WEEK 38,BD1 5HQ,ADMIN
FOOD STANDARDS AGENCY - Westminster,FOOD STANDARDS AGENCY - Westminster,2016-09-16,EXP - PURCHASE OF GOODS/SERVICES - RAIL TRAVEL,Chief Scientist,REDFERN TRAVEL LTD,1011700888,154.2,BUSINESS TRAVEL WEEK 37,BD1 5HQ,ADMIN
FOOD STANDARDS AGENCY - Westminster,FOOD STANDARDS AGENCY - Westminster,2016-09-26,EXP - PURCHASE OF GOODS/SERVICES - RAIL TRAVEL,Area 3 North West England - Cluster 33,REDFERN TRAVEL LTD,1011700969,154.2,BUSINESS TRAVEL WEEK 38,BD1 5HQ,PROGRAMME
FOOD STANDARDS AGENCY - Westminster,FOOD STANDARDS AGENCY - Westminster,2016-09-16,EXP - PURCHASE OF GOODS/SERVICES - FOREIGN SUBSISTENCE,Additives,REDFERN TRAVEL LTD,1011700888,152.53,BUSINESS TRAVEL WEEK 37,BD1 5HQ,ADMIN
FOOD STANDARDS AGENCY - Westminster,FOOD STANDARDS AGENCY - Westminster,2016-09-16,EXP - PURCHASE OF GOODS/SERVICES - SUBSISTENCE,Area 4 North East England - Cluster 44,REDFERN TRAVEL LTD,1011700888,150.15,BUSINESS TRAVEL WEEK 37,BD1 5HQ,PROGRAMME
FOOD STANDARDS AGENCY - Westminster,FOOD STANDARDS AGENCY - Westminster,2016-09-16,EXP - PURCHASE OF GOODS/SERVICES - RAIL TRAVEL,Contaminants HoD,REDFERN TRAVEL LTD,1011700888,145.5,BUSINESS TRAVEL WEEK 37,BD1 5HQ,ADMIN
FOOD STANDARDS AGENCY - Westminster,FOOD STANDARDS AGENCY - Westminster,2016-09-16,EXP - PURCHASE OF GOODS/SERVICES - AIR TRAVEL,Food Production Branch,REDFERN TRAVEL LTD,1011700888,144,BUSINESS TRAVEL WEEK 37,BD1 5HQ,ADMIN
FOOD STANDARDS AGENCY - Westminster,FOOD STANDARDS AGENCY - Westminster,2016-09-26,EXP - PURCHASE OF GOODS/SERVICES -  FOREIGN AIR TRAVEL,Comms Directors Office,REDFERN TRAVEL LTD,1011700969,143.41,BUSINESS TRAVEL WEEK 38,BD1 5HQ,ADMIN
FOOD STANDARDS AGENCY - Westminster,FOOD STANDARDS AGENCY - Westminster,2016-09-16,EXP - PURCHASE OF GOODS/SERVICES - RAIL TRAVEL,Area 4 North East England - Cluster 41,REDFERN TRAVEL LTD,1011700888,142.2,BUSINESS TRAVEL WEEK 37,BD1 5HQ,PROGRAMME
FOOD STANDARDS AGENCY - Westminster,FOOD STANDARDS AGENCY - Westminster,2016-09-16,EXP - PURCHASE OF GOODS/SERVICES - RAIL TRAVEL,Non Meat Field Ops,REDFERN TRAVEL LTD,1011700888,141.5,BUSINESS TRAVEL WEEK 37,BD1 5HQ,PROGRAMME
FOOD STANDARDS AGENCY - Westminster,FOOD STANDARDS AGENCY - Westminster,2016-09-16,EXP - PURCHASE OF GOODS/SERVICES - RAIL TRAVEL,Animal Feed Branch,REDFERN TRAVEL LTD,1011700888,141,BUSINESS TRAVEL WEEK 37,BD1 5HQ,ADMIN
FOOD STANDARDS AGENCY - Westminster,FOOD STANDARDS AGENCY - Westminster,2016-09-26,EXP - PURCHASE OF GOODS/SERVICES - RAIL TRAVEL,Chair & Deputy Chair,REDFERN TRAVEL LTD,1011700969,139.25,BUSINESS TRAVEL WEEK 38,BD1 5HQ,ADMIN
FOOD STANDARDS AGENCY - Westminster,FOOD STANDARDS AGENCY - Westminster,2016-09-26,EXP - PURCHASE OF GOODS/SERVICES - RAIL TRAVEL,Regulating our Future,REDFERN TRAVEL LTD,1011700969,138.5,BUSINESS TRAVEL WEEK 38,BD1 5HQ,ADMIN
FOOD STANDARDS AGENCY - Westminster,FOOD STANDARDS AGENCY - Westminster,2016-09-26,EXP - PURCHASE OF GOODS/SERVICES - RAIL TRAVEL,Operations Assurance - Admin,REDFERN TRAVEL LTD,1011700969,138.05,BUSINESS TRAVEL WEEK 38,BD1 5HQ,ADMIN
FOOD STANDARDS AGENCY - Westminster,FOOD STANDARDS AGENCY - Westminster,2016-09-16,EXP - PURCHASE OF GOODS/SERVICES - RAIL TRAVEL,Chair & Deputy Chair,REDFERN TRAVEL LTD,1011700888,133.3,BUSINESS TRAVEL WEEK 37,BD1 5HQ,ADMIN
FOOD STANDARDS AGENCY - Westminster,FOOD STANDARDS AGENCY - Westminster,2016-09-16,EXP - PURCHASE OF GOODS/SERVICES - SUBSISTENCE,Operations Assurance ,REDFERN TRAVEL LTD,1011700888,130.85,BUSINESS TRAVEL WEEK 37,BD1 5HQ,PROGRAMME
FOOD STANDARDS AGENCY - Westminster,FOOD STANDARDS AGENCY - Westminster,2016-09-26,EXP - PURCHASE OF GOODS/SERVICES - RAIL TRAVEL,Chief Scientist,REDFERN TRAVEL LTD,1011700969,129.9,BUSINESS TRAVEL WEEK 38,BD1 5HQ,ADMIN
FOOD STANDARDS AGENCY - Westminster,FOOD STANDARDS AGENCY - Westminster,2016-09-16,EXP - PURCHASE OF GOODS/SERVICES - SUBSISTENCE,Internal Audit,REDFERN TRAVEL LTD,1011700888,127.93,BUSINESS TRAVEL WEEK 37,BD1 5HQ,ADMIN
FOOD STANDARDS AGENCY - Westminster,FOOD STANDARDS AGENCY - Westminster,2016-09-26,EXP - PURCHASE OF GOODS/SERVICES - SUBSISTENCE,Animal Feed     ,REDFERN TRAVEL LTD,1011700969,124.6,BUSINESS TRAVEL WEEK 38,BD1 5HQ,ADMIN
FOOD STANDARDS AGENCY - Westminster,FOOD STANDARDS AGENCY - Westminster,2016-09-16,EXP - PURCHASE OF GOODS/SERVICES - AIR TRAVEL,Food Hygiene Policy Branch,REDFERN TRAVEL LTD,1011700888,124,BUSINESS TRAVEL WEEK 37,BD1 5HQ,ADMIN
FOOD STANDARDS AGENCY - Westminster,FOOD STANDARDS AGENCY - Westminster,2016-09-16,EXP - PURCHASE OF GOODS/SERVICES - RAIL TRAVEL,Procurement,REDFERN TRAVEL LTD,1011700888,123.7,BUSINESS TRAVEL WEEK 37,BD1 5HQ,ADMIN
FOOD STANDARDS AGENCY - Westminster,FOOD STANDARDS AGENCY - Westminster,2016-09-26,EXP - PURCHASE OF GOODS/SERVICES - RAIL TRAVEL,Procurement,REDFERN TRAVEL LTD,1011700969,123.7,BUSINESS TRAVEL WEEK 38,BD1 5HQ,ADMIN
FOOD STANDARDS AGENCY - Westminster,FOOD STANDARDS AGENCY - Westminster,2016-09-26,EXP - PURCHASE OF GOODS/SERVICES - SUBSISTENCE,Area 4 North East England - Cluster 44,REDFERN TRAVEL LTD,1011700969,117.33,BUSINESS TRAVEL WEEK 38,BD1 5HQ,PROGRAMME
FOOD STANDARDS AGENCY - Westminster,FOOD STANDARDS AGENCY - Westminster,2016-09-26,EXP - PURCHASE OF GOODS/SERVICES - SUBSISTENCE,Chief Executive & Private Office,REDFERN TRAVEL LTD,1011700969,113.15,BUSINESS TRAVEL WEEK 38,BD1 5HQ,ADMIN
FOOD STANDARDS AGENCY - Westminster,FOOD STANDARDS AGENCY - Westminster,2016-09-16,EXP - PURCHASE OF GOODS/SERVICES - AIR TRAVEL,Directorate Support Unit,REDFERN TRAVEL LTD,1011700888,112.36,BUSINESS TRAVEL WEEK 37,BD1 5HQ,ADMIN
FOOD STANDARDS AGENCY - Westminster,FOOD STANDARDS AGENCY - Westminster,2016-09-16,EXP - PURCHASE OF GOODS/SERVICES - SUBSISTENCE,Planning and Performance,REDFERN TRAVEL LTD,1011700888,109.23,BUSINESS TRAVEL WEEK 37,BD1 5HQ,ADMIN
FOOD STANDARDS AGENCY - Westminster,FOOD STANDARDS AGENCY - Westminster,2016-09-26,EXP - PURCHASE OF GOODS/SERVICES - SUBSISTENCE,Area 3 North West England - Cluster 32,REDFERN TRAVEL LTD,1011700969,109.23,BUSINESS TRAVEL WEEK 38,BD1 5HQ,PROGRAMME
FOOD STANDARDS AGENCY - Westminster,FOOD STANDARDS AGENCY - Westminster,2016-09-26,EXP - PURCHASE OF GOODS/SERVICES - SUBSISTENCE,Planning and Performance,REDFERN TRAVEL LTD,1011700969,109.23,BUSINESS TRAVEL WEEK 38,BD1 5HQ,ADMIN
FOOD STANDARDS AGENCY - Westminster,FOOD STANDARDS AGENCY - Westminster,2016-09-26,EXP - PURCHASE OF GOODS/SERVICES - SUBSISTENCE,Regulatory & International,REDFERN TRAVEL LTD,1011700969,109.23,BUSINESS TRAVEL WEEK 38,BD1 5HQ,ADMIN
FOOD STANDARDS AGENCY - Westminster,FOOD STANDARDS AGENCY - Westminster,2016-09-26,EXP - PURCHASE OF GOODS/SERVICES - SUBSISTENCE,Area 2 Wales - Cluster 21,REDFERN TRAVEL LTD,1011700969,108.63,BUSINESS TRAVEL WEEK 38,BD1 5HQ,PROGRAMME
FOOD STANDARDS AGENCY - Westminster,FOOD STANDARDS AGENCY - Westminster,2016-09-26,EXP - PURCHASE OF GOODS/SERVICES - RAIL TRAVEL,Food Incidents & Resilience - Prog,REDFERN TRAVEL LTD,1011700969,108.1,BUSINESS TRAVEL WEEK 38,BD1 5HQ,PROGRAMME
FOOD STANDARDS AGENCY - Westminster,FOOD STANDARDS AGENCY - Westminster,2016-09-26,EXP - PURCHASE OF GOODS/SERVICES - SUBSISTENCE,Food Crime Unit - Prog,REDFERN TRAVEL LTD,1011700969,104.6,BUSINESS TRAVEL WEEK 38,BD1 5HQ,PROGRAMME
FOOD STANDARDS AGENCY - Westminster,FOOD STANDARDS AGENCY - Westminster,2016-09-26,EXP - PURCHASE OF GOODS/SERVICES - RAIL TRAVEL,Area 4 North East England - Cluster 41,REDFERN TRAVEL LTD,1011700969,102.6,BUSINESS TRAVEL WEEK 38,BD1 5HQ,PROGRAMME
FOOD STANDARDS AGENCY - Westminster,FOOD STANDARDS AGENCY - Westminster,2016-09-26,EXP - PURCHASE OF GOODS/SERVICES - SUBSISTENCE,Area 5 South West England - Cluster 56,REDFERN TRAVEL LTD,1011700969,101.6,BUSINESS TRAVEL WEEK 38,BD1 5HQ,PROGRAMME
FOOD STANDARDS AGENCY - Westminster,FOOD STANDARDS AGENCY - Westminster,2016-09-16,EXP - PURCHASE OF GOODS/SERVICES - SUBSISTENCE,Procurement,REDFERN TRAVEL LTD,1011700888,101.28,BUSINESS TRAVEL WEEK 37,BD1 5HQ,ADMIN
FOOD STANDARDS AGENCY - Westminster,FOOD STANDARDS AGENCY - Westminster,2016-09-26,EXP - PURCHASE OF GOODS/SERVICES - SUBSISTENCE,Procurement,REDFERN TRAVEL LTD,1011700969,101.28,BUSINESS TRAVEL WEEK 38,BD1 5HQ,ADMIN
FOOD STANDARDS AGENCY - Westminster,FOOD STANDARDS AGENCY - Westminster,2016-09-16,EXP - PURCHASE OF GOODS/SERVICES - RAIL TRAVEL,Area 4 North East England - Cluster 46,REDFERN TRAVEL LTD,1011700888,100,BUSINESS TRAVEL WEEK 37,BD1 5HQ,PROGRAMME
FOOD STANDARDS AGENCY - Westminster,FOOD STANDARDS AGENCY - Westminster,2016-09-26,EXP - PURCHASE OF GOODS/SERVICES - RAIL TRAVEL,Imports & Exports Team (Admin),REDFERN TRAVEL LTD,1011700969,97,BUSINESS TRAVEL WEEK 38,BD1 5HQ,ADMIN
FOOD STANDARDS AGENCY - Westminster,FOOD STANDARDS AGENCY - Westminster,2016-09-16,EXP - PURCHASE OF GOODS/SERVICES - RAIL TRAVEL,Area 3 North West England - Cluster 34,REDFERN TRAVEL LTD,1011700888,95.85,BUSINESS TRAVEL WEEK 37,BD1 5HQ,PROGRAMME
FOOD STANDARDS AGENCY - Westminster,FOOD STANDARDS AGENCY - Westminster,2016-09-26,EXP - PURCHASE OF GOODS/SERVICES - SUBSISTENCE,Area 6 South East England - Cluster 65,REDFERN TRAVEL LTD,1011700969,92.6,BUSINESS TRAVEL WEEK 38,BD1 5HQ,PROGRAMME
FOOD STANDARDS AGENCY - Westminster,FOOD STANDARDS AGENCY - Westminster,2016-09-26,EXP - PURCHASE OF GOODS/SERVICES - RAIL TRAVEL,Area 5 South West England - Cluster 53,REDFERN TRAVEL LTD,1011700969,92.1,BUSINESS TRAVEL WEEK 38,BD1 5HQ,PROGRAMME
FOOD STANDARDS AGENCY - Westminster,FOOD STANDARDS AGENCY - Westminster,2016-09-26,EXP - PURCHASE OF GOODS/SERVICES - RAIL TRAVEL,Area 6 South East England - Cluster 65,REDFERN TRAVEL LTD,1011700969,91.7,BUSINESS TRAVEL WEEK 38,BD1 5HQ,PROGRAMME
FOOD STANDARDS AGENCY - Westminster,FOOD STANDARDS AGENCY - Westminster,2016-09-16,EXP - PURCHASE OF GOODS/SERVICES - SUBSISTENCE,Area 6 South East England - Cluster 65,REDFERN TRAVEL LTD,1011700888,91.34,BUSINESS TRAVEL WEEK 37,BD1 5HQ,PROGRAMME
FOOD STANDARDS AGENCY - Westminster,FOOD STANDARDS AGENCY - Westminster,2016-09-16,EXP - PURCHASE OF GOODS/SERVICES - SUBSISTENCE,Legal Branch A & Investigations,REDFERN TRAVEL LTD,1011700888,89.55,BUSINESS TRAVEL WEEK 37,BD1 5HQ,ADMIN
FOOD STANDARDS AGENCY - Westminster,FOOD STANDARDS AGENCY - Westminster,2016-09-26,EXP - PURCHASE OF GOODS/SERVICES - SUBSISTENCE,Chemical Risk Assessment Unit,REDFERN TRAVEL LTD,1011700969,89.55,BUSINESS TRAVEL WEEK 38,BD1 5HQ,ADMIN
FOOD STANDARDS AGENCY - Westminster,FOOD STANDARDS AGENCY - Westminster,2016-09-16,EXP - PURCHASE OF GOODS/SERVICES - AIR TRAVEL,Animal Feed Branch,REDFERN TRAVEL LTD,1011700888,89,BUSINESS TRAVEL WEEK 37,BD1 5HQ,ADMIN
FOOD STANDARDS AGENCY - Westminster,FOOD STANDARDS AGENCY - Westminster,2016-09-16,EXP - PURCHASE OF GOODS/SERVICES - SUBSISTENCE,Legal Branch A & Investigations,REDFERN TRAVEL LTD,1011700888,87.4,BUSINESS TRAVEL WEEK 37,BD1 5HQ,ADMIN
FOOD STANDARDS AGENCY - Westminster,FOOD STANDARDS AGENCY - Westminster,2016-09-22,EXP - AMORTISATION - INTANGIBLE ASSETS,IT Strategy,CAPITA SECURE INFORMATION SOLUTIONS LTD,1011700948,84.96,RSA TOKEN REPLACEMENT,SN14 0TW,ADMIN
FOOD STANDARDS AGENCY - Westminster,FOOD STANDARDS AGENCY - Westminster,2016-09-22,EXP - PURCHASE OF GOODS/SERVICES - OTHER ICT COSTS - IT DEVELOPMENT,IT Strategy,CAPITA SECURE INFORMATION SOLUTIONS LTD,1011700948,84.95,INFRASTRUC. CONVERGENCE PHASE 1,SN14 0TW,ADMIN
FOOD STANDARDS AGENCY - Westminster,FOOD STANDARDS AGENCY - Westminster,2016-09-22,EXP - AMORTISATION - INTANGIBLE ASSETS,IT Strategy,CAPITA SECURE INFORMATION SOLUTIONS LTD,1011700948,83.81,GOOD COLLABORATION SUITE,SN14 0TW,ADMIN
FOOD STANDARDS AGENCY - Westminster,FOOD STANDARDS AGENCY - Westminster,2016-09-16,EXP - PURCHASE OF GOODS/SERVICES - SUBSISTENCE,Area 4 North East England - Cluster 41,REDFERN TRAVEL LTD,1011700888,82.6,BUSINESS TRAVEL WEEK 37,BD1 5HQ,PROGRAMME
FOOD STANDARDS AGENCY - Westminster,FOOD STANDARDS AGENCY - Westminster,2016-09-26,EXP - PURCHASE OF GOODS/SERVICES - RAIL TRAVEL,Area 4 North East England - Cluster 48,REDFERN TRAVEL LTD,1011700969,81.6,BUSINESS TRAVEL WEEK 38,BD1 5HQ,PROGRAMME
FOOD STANDARDS AGENCY - Westminster,FOOD STANDARDS AGENCY - Westminster,2016-09-16,EXP - PURCHASE OF GOODS/SERVICES - RAIL TRAVEL,EU Regulatory Reform Branch,REDFERN TRAVEL LTD,1011700888,80,BUSINESS TRAVEL WEEK 37,BD1 5HQ,ADMIN
FOOD STANDARDS AGENCY - Westminster,FOOD STANDARDS AGENCY - Westminster,2016-09-26,EXP - PURCHASE OF GOODS/SERVICES - SUBSISTENCE,Contaminants HoD,REDFERN TRAVEL LTD,1011700969,77.6,BUSINESS TRAVEL WEEK 38,BD1 5HQ,ADMIN
FOOD STANDARDS AGENCY - Westminster,FOOD STANDARDS AGENCY - Westminster,2016-09-16,EXP - PURCHASE OF GOODS/SERVICES - RAIL TRAVEL,Security & Estates,REDFERN TRAVEL LTD,1011700888,76,BUSINESS TRAVEL WEEK 37,BD1 5HQ,ADMIN
FOOD STANDARDS AGENCY - Westminster,FOOD STANDARDS AGENCY - Westminster,2016-09-16,EXP - PURCHASE OF GOODS/SERVICES - SUBSISTENCE,Area 3 North West England - Cluster 31,REDFERN TRAVEL LTD,1011700888,74.6,BUSINESS TRAVEL WEEK 37,BD1 5HQ,PROGRAMME
FOOD STANDARDS AGENCY - Westminster,FOOD STANDARDS AGENCY - Westminster,2016-09-16,EXP - PURCHASE OF GOODS/SERVICES - SUBSISTENCE,Area 3 North West England - Cluster 36,REDFERN TRAVEL LTD,1011700888,74.6,BUSINESS TRAVEL WEEK 37,BD1 5HQ,PROGRAMME
FOOD STANDARDS AGENCY - Westminster,FOOD STANDARDS AGENCY - Westminster,2016-09-26,EXP - PURCHASE OF GOODS/SERVICES - RAIL TRAVEL,Area 6 South East England - Cluster 61,REDFERN TRAVEL LTD,1011700969,72,BUSINESS TRAVEL WEEK 38,BD1 5HQ,PROGRAMME
FOOD STANDARDS AGENCY - Westminster,FOOD STANDARDS AGENCY - Westminster,2016-09-26,EXP - PURCHASE OF GOODS/SERVICES - RAIL TRAVEL,Contaminants Policy & Strategy Unit,REDFERN TRAVEL LTD,1011700969,71,BUSINESS TRAVEL WEEK 38,BD1 5HQ,ADMIN
FOOD STANDARDS AGENCY - Westminster,FOOD STANDARDS AGENCY - Westminster,2016-09-26,EXP - PURCHASE OF GOODS/SERVICES - SUBSISTENCE,Area 2 Wales - Cluster 23,REDFERN TRAVEL LTD,1011700969,70.6,BUSINESS TRAVEL WEEK 38,BD1 5HQ,PROGRAMME
FOOD STANDARDS AGENCY - Westminster,FOOD STANDARDS AGENCY - Westminster,2016-09-16,EXP - PURCHASE OF GOODS/SERVICES - RAIL TRAVEL,Organisational Development,REDFERN TRAVEL LTD,1011700888,70,BUSINESS TRAVEL WEEK 37,BD1 5HQ,ADMIN
FOOD STANDARDS AGENCY - Westminster,FOOD STANDARDS AGENCY - Westminster,2016-09-26,EXP - PURCHASE OF GOODS/SERVICES - SUBSISTENCE,Non Meat Field Ops,REDFERN TRAVEL LTD,1011700969,69.59,BUSINESS TRAVEL WEEK 38,BD1 5HQ,PROGRAMME
FOOD STANDARDS AGENCY - Westminster,FOOD STANDARDS AGENCY - Westminster,2016-09-16,EXP - PURCHASE OF GOODS/SERVICES - RAIL TRAVEL,Area 6 South East England - Cluster 64,REDFERN TRAVEL LTD,1011700888,69.15,BUSINESS TRAVEL WEEK 37,BD1 5HQ,PROGRAMME
FOOD STANDARDS AGENCY - Westminster,FOOD STANDARDS AGENCY - Westminster,2016-09-16,EXP - PURCHASE OF GOODS/SERVICES - SUBSISTENCE,Imports & Exports Team (Admin),REDFERN TRAVEL LTD,1011700888,68.6,BUSINESS TRAVEL WEEK 37,BD1 5HQ,ADMIN
FOOD STANDARDS AGENCY - Westminster,FOOD STANDARDS AGENCY - Westminster,2016-09-26,EXP - PURCHASE OF GOODS/SERVICES - SUBSISTENCE,Chair & Deputy Chair,REDFERN TRAVEL LTD,1011700969,68.2,BUSINESS TRAVEL WEEK 38,BD1 5HQ,ADMIN
FOOD STANDARDS AGENCY - Westminster,FOOD STANDARDS AGENCY - Westminster,2016-09-26,EXP - PURCHASE OF GOODS/SERVICES - RAIL TRAVEL,Security & Estates,REDFERN TRAVEL LTD,1011700969,68.1,BUSINESS TRAVEL WEEK 38,BD1 5HQ,ADMIN
FOOD STANDARDS AGENCY - Westminster,FOOD STANDARDS AGENCY - Westminster,2016-09-22,EXP - PURCHASE OF GOODS/SERVICES - OTHER ICT COSTS,IT Service Delivery,CAPITA SECURE INFORMATION SOLUTIONS LTD,1011700948,68,CUSTOMER NUM ZFOO0001,SN14 0TW,ADMIN
FOOD STANDARDS AGENCY - Westminster,FOOD STANDARDS AGENCY - Westminster,2016-09-26,EXP - PURCHASE OF GOODS/SERVICES -  FOREIGN AIR TRAVEL,Internal Audit,REDFERN TRAVEL LTD,1011700969,66.77,BUSINESS TRAVEL WEEK 38,BD1 5HQ,ADMIN
FOOD STANDARDS AGENCY - Westminster,FOOD STANDARDS AGENCY - Westminster,2016-09-16,EXP - PURCHASE OF GOODS/SERVICES - RAIL TRAVEL,Analysis & Research Branch,REDFERN TRAVEL LTD,1011700888,65.5,BUSINESS TRAVEL WEEK 37,BD1 5HQ,ADMIN
FOOD STANDARDS AGENCY - Westminster,FOOD STANDARDS AGENCY - Westminster,2016-09-16,EXP - PURCHASE OF GOODS/SERVICES - RAIL TRAVEL,Area 4 North East England - Cluster 48,REDFERN TRAVEL LTD,1011700888,64,BUSINESS TRAVEL WEEK 37,BD1 5HQ,PROGRAMME
FOOD STANDARDS AGENCY - Westminster,FOOD STANDARDS AGENCY - Westminster,2016-09-16,EXP - PURCHASE OF GOODS/SERVICES - SUBSISTENCE,Non Meat Field Ops,REDFERN TRAVEL LTD,1011700888,63.6,BUSINESS TRAVEL WEEK 37,BD1 5HQ,PROGRAMME
FOOD STANDARDS AGENCY - Westminster,FOOD STANDARDS AGENCY - Westminster,2016-09-26,EXP - PURCHASE OF GOODS/SERVICES - RAIL TRAVEL,Area 4 North East England - Cluster 44,REDFERN TRAVEL LTD,1011700969,61.1,BUSINESS TRAVEL WEEK 38,BD1 5HQ,PROGRAMME
FOOD STANDARDS AGENCY - Westminster,FOOD STANDARDS AGENCY - Westminster,2016-09-16,EXP - PURCHASE OF GOODS/SERVICES - RAIL TRAVEL,Area 4 North East England - Cluster 45,REDFERN TRAVEL LTD,1011700888,60.4,BUSINESS TRAVEL WEEK 37,BD1 5HQ,PROGRAMME
FOOD STANDARDS AGENCY - Westminster,FOOD STANDARDS AGENCY - Westminster,2016-09-16,EXP - PURCHASE OF GOODS/SERVICES - RAIL TRAVEL,"Employee Relations, Systems and Data",REDFERN TRAVEL LTD,1011700888,59.5,BUSINESS TRAVEL WEEK 37,BD1 5HQ,ADMIN
FOOD STANDARDS AGENCY - Westminster,FOOD STANDARDS AGENCY - Westminster,2016-09-26,EXP - PURCHASE OF GOODS/SERVICES - RAIL TRAVEL,Resilience - Admin,REDFERN TRAVEL LTD,1011700969,53,BUSINESS TRAVEL WEEK 38,BD1 5HQ,ADMIN
FOOD STANDARDS AGENCY - Westminster,FOOD STANDARDS AGENCY - Westminster,2016-09-26,EXP - PURCHASE OF GOODS/SERVICES - RAIL TRAVEL,Area 3 North West England - Cluster 36,REDFERN TRAVEL LTD,1011700969,52.2,BUSINESS TRAVEL WEEK 38,BD1 5HQ,PROGRAMME
FOOD STANDARDS AGENCY - Westminster,FOOD STANDARDS AGENCY - Westminster,2016-09-16,EXP - PURCHASE OF GOODS/SERVICES - SUBSISTENCE,Contaminants HoD,REDFERN TRAVEL LTD,1011700888,50.6,BUSINESS TRAVEL WEEK 37,BD1 5HQ,ADMIN
FOOD STANDARDS AGENCY - Westminster,FOOD STANDARDS AGENCY - Westminster,2016-09-13,EXP - PURCHASE OF GOODS/SERVICES - OTHER - CARRIAGE OF SAMPLES,Operational Delivery,TOPSPEED COURIERS LIMITED,1011700852,50,EBL,WA16 8XN,PROGRAMME
FOOD STANDARDS AGENCY - Westminster,FOOD STANDARDS AGENCY - Westminster,2016-09-16,EXP - PURCHASE OF GOODS/SERVICES - SUBSISTENCE,Area 5 South West England - Cluster 54,REDFERN TRAVEL LTD,1011700888,45.63,BUSINESS TRAVEL WEEK 37,BD1 5HQ,PROGRAMME
FOOD STANDARDS AGENCY - Westminster,FOOD STANDARDS AGENCY - Westminster,2016-09-16,EXP - PURCHASE OF GOODS/SERVICES - SUBSISTENCE,Area 6 South East England - Cluster 64,REDFERN TRAVEL LTD,1011700888,45.63,BUSINESS TRAVEL WEEK 37,BD1 5HQ,PROGRAMME
FOOD STANDARDS AGENCY - Westminster,FOOD STANDARDS AGENCY - Westminster,2016-09-26,EXP - PURCHASE OF GOODS/SERVICES - SUBSISTENCE,Area 4 North East England - Cluster 42,REDFERN TRAVEL LTD,1011700969,45.22,BUSINESS TRAVEL WEEK 38,BD1 5HQ,PROGRAMME
FOOD STANDARDS AGENCY - Westminster,FOOD STANDARDS AGENCY - Westminster,2016-09-26,EXP - PURCHASE OF GOODS/SERVICES - RAIL TRAVEL,Contaminants HoD,REDFERN TRAVEL LTD,1011700969,45,BUSINESS TRAVEL WEEK 38,BD1 5HQ,ADMIN
FOOD STANDARDS AGENCY - Westminster,FOOD STANDARDS AGENCY - Westminster,2016-09-26,EXP - PURCHASE OF GOODS/SERVICES - RAIL TRAVEL,Allergens,REDFERN TRAVEL LTD,1011700969,45,BUSINESS TRAVEL WEEK 38,BD1 5HQ,ADMIN
FOOD STANDARDS AGENCY - Westminster,FOOD STANDARDS AGENCY - Westminster,2016-09-16,EXP - PURCHASE OF GOODS/SERVICES - RAIL TRAVEL,Food Crime Unit - Admin,REDFERN TRAVEL LTD,1011700888,44,BUSINESS TRAVEL WEEK 37,BD1 5HQ,ADMIN
FOOD STANDARDS AGENCY - Westminster,FOOD STANDARDS AGENCY - Westminster,2016-09-26,EXP - PURCHASE OF GOODS/SERVICES - TAXI SERVICES,Contaminants HoD,REDFERN TRAVEL LTD,1011700969,43.94,BUSINESS TRAVEL WEEK 38,BD1 5HQ,ADMIN
FOOD STANDARDS AGENCY - Westminster,FOOD STANDARDS AGENCY - Westminster,2016-09-16,EXP - PURCHASE OF GOODS/SERVICES - SUBSISTENCE,Area 5 South West England - Cluster 52,REDFERN TRAVEL LTD,1011700888,43.2,BUSINESS TRAVEL WEEK 37,BD1 5HQ,PROGRAMME
FOOD STANDARDS AGENCY - Westminster,FOOD STANDARDS AGENCY - Westminster,2016-09-16,EXP - PURCHASE OF GOODS/SERVICES - RAIL TRAVEL,Area 6 South East England - Cluster 61,REDFERN TRAVEL LTD,1011700888,42.9,BUSINESS TRAVEL WEEK 37,BD1 5HQ,PROGRAMME
FOOD STANDARDS AGENCY - Westminster,FOOD STANDARDS AGENCY - Westminster,2016-09-26,EXP - PURCHASE OF GOODS/SERVICES - SUBSISTENCE,Area 4 North East England - Cluster 47,REDFERN TRAVEL LTD,1011700969,42.49,BUSINESS TRAVEL WEEK 38,BD1 5HQ,PROGRAMME
FOOD STANDARDS AGENCY - Westminster,FOOD STANDARDS AGENCY - Westminster,2016-09-16,EXP - PURCHASE OF GOODS/SERVICES - RAIL TRAVEL,Area 3 North West England - Cluster 33,REDFERN TRAVEL LTD,1011700888,41.4,BUSINESS TRAVEL WEEK 37,BD1 5HQ,PROGRAMME
FOOD STANDARDS AGENCY - Westminster,FOOD STANDARDS AGENCY - Westminster,2016-09-16,EXP - PURCHASE OF GOODS/SERVICES - SUBSISTENCE,"Employee Relations, Systems and Data",REDFERN TRAVEL LTD,1011700888,41.22,BUSINESS TRAVEL WEEK 37,BD1 5HQ,ADMIN
FOOD STANDARDS AGENCY - Westminster,FOOD STANDARDS AGENCY - Westminster,2016-09-26,EXP - PURCHASE OF GOODS/SERVICES - SUBSISTENCE,Area 3 North West England - Cluster 31,REDFERN TRAVEL LTD,1011700969,41.22,BUSINESS TRAVEL WEEK 38,BD1 5HQ,PROGRAMME
FOOD STANDARDS AGENCY - Westminster,FOOD STANDARDS AGENCY - Westminster,2016-09-26,EXP - PURCHASE OF GOODS/SERVICES - RAIL TRAVEL,"Employee Relations, Systems and Data",REDFERN TRAVEL LTD,1011700969,41,BUSINESS TRAVEL WEEK 38,BD1 5HQ,ADMIN
FOOD STANDARDS AGENCY - Westminster,FOOD STANDARDS AGENCY - Westminster,2016-09-26,EXP - PURCHASE OF GOODS/SERVICES - RAIL TRAVEL,Area 3 North West England - Cluster 31,REDFERN TRAVEL LTD,1011700969,40.9,BUSINESS TRAVEL WEEK 38,BD1 5HQ,PROGRAMME
FOOD STANDARDS AGENCY - Westminster,FOOD STANDARDS AGENCY - Westminster,2016-09-22,EXP - PURCHASE OF GOODS/SERVICES - OTHER ICT COSTS - COMPUTER HARDWARE,IT Service Delivery,CAPITA SECURE INFORMATION SOLUTIONS LTD,1011700948,39.4,REPLACEMENT HDD,SN14 0TW,ADMIN
FOOD STANDARDS AGENCY - Westminster,FOOD STANDARDS AGENCY - Westminster,2016-09-16,EXP - PURCHASE OF GOODS/SERVICES - OTHER TRAVEL,Imports & Exports Team (Admin),REDFERN TRAVEL LTD,1011700888,36,BUSINESS TRAVEL WEEK 37,BD1 5HQ,ADMIN
FOOD STANDARDS AGENCY - Westminster,FOOD STANDARDS AGENCY - Westminster,2016-09-26,EXP - PURCHASE OF GOODS/SERVICES - RAIL TRAVEL,Area 5 South West England - Cluster 55,REDFERN TRAVEL LTD,1011700969,34.1,BUSINESS TRAVEL WEEK 38,BD1 5HQ,PROGRAMME
FOOD STANDARDS AGENCY - Westminster,FOOD STANDARDS AGENCY - Westminster,2016-09-16,EXP - PURCHASE OF GOODS/SERVICES - AIR TRAVEL,Chair & Deputy Chair,REDFERN TRAVEL LTD,1011700888,34.02,BUSINESS TRAVEL WEEK 37,BD1 5HQ,ADMIN
FOOD STANDARDS AGENCY - Westminster,FOOD STANDARDS AGENCY - Westminster,2016-09-22,EXP - PURCHASE OF GOODS/SERVICES - OTHER ICT COSTS,IT Service Delivery,CAPITA SECURE INFORMATION SOLUTIONS LTD,1011700948,34,CUSTOMER NUM ZFOO0001,SN14 0TW,ADMIN
FOOD STANDARDS AGENCY - Westminster,FOOD STANDARDS AGENCY - Westminster,2016-09-26,EXP - PURCHASE OF GOODS/SERVICES - RAIL TRAVEL,Area 6 South East England - Cluster 66,REDFERN TRAVEL LTD,1011700969,32.1,BUSINESS TRAVEL WEEK 38,BD1 5HQ,PROGRAMME
FOOD STANDARDS AGENCY - Westminster,FOOD STANDARDS AGENCY - Westminster,2016-09-26,EXP - PURCHASE OF GOODS/SERVICES - RAIL TRAVEL,Food Hygiene Policy Branch,REDFERN TRAVEL LTD,1011700969,31.5,BUSINESS TRAVEL WEEK 38,BD1 5HQ,ADMIN
FOOD STANDARDS AGENCY - Westminster,FOOD STANDARDS AGENCY - Westminster,2016-09-26,EXP - PURCHASE OF GOODS/SERVICES - TAXI SERVICES,Operations Local Delivery ,REDFERN TRAVEL LTD,1011700969,27.75,BUSINESS TRAVEL WEEK 38,BD1 5HQ,ADMIN
FOOD STANDARDS AGENCY - Westminster,FOOD STANDARDS AGENCY - Westminster,2016-09-16,EXP - PURCHASE OF GOODS/SERVICES - RAIL TRAVEL,Area 3 North West England - Cluster 36,REDFERN TRAVEL LTD,1011700888,24.7,BUSINESS TRAVEL WEEK 37,BD1 5HQ,PROGRAMME
FOOD STANDARDS AGENCY - Westminster,FOOD STANDARDS AGENCY - Westminster,2016-09-16,EXP - PURCHASE OF GOODS/SERVICES - RAIL TRAVEL,Microbiological Food Safety Branch,REDFERN TRAVEL LTD,1011700888,24.2,BUSINESS TRAVEL WEEK 37,BD1 5HQ,ADMIN
FOOD STANDARDS AGENCY - Westminster,FOOD STANDARDS AGENCY - Westminster,2016-09-08,EXP - PURCHASE OF GOODS/SERVICES - OFFICE RELATED - PRINTING,Chair & Deputy Chair,WILLIAMS LEA LTD,1011700817,21.58,PLEASE ADD FUNDS TO PO 424554  FSA Chair - Business Cards,EC1M 4NA,ADMIN
FOOD STANDARDS AGENCY - Westminster,FOOD STANDARDS AGENCY - Westminster,2016-09-16,EXP - PURCHASE OF GOODS/SERVICES - RAIL TRAVEL,Area 6 South East England - Cluster 65,REDFERN TRAVEL LTD,1011700888,17.9,BUSINESS TRAVEL WEEK 37,BD1 5HQ,PROGRAMME
FOOD STANDARDS AGENCY - Westminster,FOOD STANDARDS AGENCY - Westminster,2016-09-22,EXP - PURCHASE OF GOODS/SERVICES - OTHER ICT COSTS - COMPUTER HARDWARE,IT Service Delivery,CAPITA SECURE INFORMATION SOLUTIONS LTD,1011700948,17.8,OPTICAL TRACKBALL,SN14 0TW,ADMIN
FOOD STANDARDS AGENCY - Westminster,FOOD STANDARDS AGENCY - Westminster,2016-09-26,EXP - PURCHASE OF GOODS/SERVICES - RAIL TRAVEL,Legal Branch A & Investigations,REDFERN TRAVEL LTD,1011700969,17.5,BUSINESS TRAVEL WEEK 38,BD1 5HQ,ADMIN
FOOD STANDARDS AGENCY - Westminster,FOOD STANDARDS AGENCY - Westminster,2016-09-16,EXP - PURCHASE OF GOODS/SERVICES - OTHER TRAVEL,Food Crime Unit - Admin,REDFERN TRAVEL LTD,1011700888,17.2,BUSINESS TRAVEL WEEK 37,BD1 5HQ,ADMIN
FOOD STANDARDS AGENCY - Westminster,FOOD STANDARDS AGENCY - Westminster,2016-09-22,EXP - PURCHASE OF GOODS/SERVICES - OTHER ICT COSTS,IT Service Delivery,CAPITA SECURE INFORMATION SOLUTIONS LTD,1011700948,16.2,TRACKBALL MOUSE,SN14 0TW,ADMIN
FOOD STANDARDS AGENCY - Westminster,FOOD STANDARDS AGENCY - Westminster,2016-09-26,EXP - PURCHASE OF GOODS/SERVICES - TAXI SERVICES,Operations Local Delivery ,REDFERN TRAVEL LTD,1011700969,15.41,BUSINESS TRAVEL WEEK 38,BD1 5HQ,ADMIN
FOOD STANDARDS AGENCY - Westminster,FOOD STANDARDS AGENCY - Westminster,2016-09-22,EXP - PURCHASE OF GOODS/SERVICES - OTHER ICT COSTS,IT Service Delivery,CAPITA SECURE INFORMATION SOLUTIONS LTD,1011700948,15.1,CUSTOMER NUM ZFOO0001,SN14 0TW,ADMIN
FOOD STANDARDS AGENCY - Westminster,FOOD STANDARDS AGENCY - Westminster,2016-09-22,EXP - PURCHASE OF GOODS/SERVICES - OTHER ICT COSTS,IT Service Delivery,CAPITA SECURE INFORMATION SOLUTIONS LTD,1011700948,8.3,CUSTOMER NUM ZFOO0001,SN14 0TW,ADMIN
FOOD STANDARDS AGENCY - Westminster,FOOD STANDARDS AGENCY - Westminster,2016-09-22,EXP - PURCHASE OF GOODS/SERVICES - OTHER ICT COSTS,IT Service Delivery,CAPITA SECURE INFORMATION SOLUTIONS LTD,1011700948,7.5,TRACKBALL MOUSE,SN14 0TW,ADMIN
FOOD STANDARDS AGENCY - Westminster,FOOD STANDARDS AGENCY - Westminster,2016-09-22,EXP - PURCHASE OF GOODS/SERVICES - OTHER ICT COSTS,IT Service Delivery,CAPITA SECURE INFORMATION SOLUTIONS LTD,1011700948,7.5,CUSTOMER NUM ZFOO0001,SN14 0TW,ADMIN
FOOD STANDARDS AGENCY - Westminster,FOOD STANDARDS AGENCY - Westminster,2016-09-22,EXP - PURCHASE OF GOODS/SERVICES - OTHER ICT COSTS,IT Service Delivery,CAPITA SECURE INFORMATION SOLUTIONS LTD,1011700948,7.5,CUSTOMER NUM ZFOO0001,SN14 0TW,ADMIN
FOOD STANDARDS AGENCY - Westminster,FOOD STANDARDS AGENCY - Westminster,2016-09-22,EXP - PURCHASE OF GOODS/SERVICES - OTHER ICT COSTS - COMPUTER HARDWARE,IT Service Delivery,CAPITA SECURE INFORMATION SOLUTIONS LTD,1011700948,7.5,OPTICAL TRACKBALL,SN14 0TW,ADMIN
FOOD STANDARDS AGENCY - Westminster,FOOD STANDARDS AGENCY - Westminster,2016-09-22,EXP - PURCHASE OF GOODS/SERVICES - OTHER ICT COSTS - COMPUTER HARDWARE,IT Service Delivery,CAPITA SECURE INFORMATION SOLUTIONS LTD,1011700948,7.5,REPLACEMENT HDD,SN14 0TW,ADMIN
FOOD STANDARDS AGENCY - Westminster,FOOD STANDARDS AGENCY - Westminster,2016-09-22,EXP - PURCHASE OF GOODS/SERVICES - OTHER ICT COSTS - COMPUTER HARDWARE,IT Service Delivery,CAPITA SECURE INFORMATION SOLUTIONS LTD,1011700948,7.5,CUSTOMER NUM ZFOO0001,SN14 0TW,ADMIN
FOOD STANDARDS AGENCY - Westminster,FOOD STANDARDS AGENCY - Westminster,2016-09-22,EXP - PURCHASE OF GOODS/SERVICES - OTHER ICT COSTS - COMPUTER HARDWARE,IT Service Delivery,CAPITA SECURE INFORMATION SOLUTIONS LTD,1011700948,5.06,OPTICAL TRACKBALL,SN14 0TW,ADMIN
FOOD STANDARDS AGENCY - Westminster,FOOD STANDARDS AGENCY - Westminster,2016-09-22,EXP - PURCHASE OF GOODS/SERVICES - OTHER ICT COSTS,IT Service Delivery,CAPITA SECURE INFORMATION SOLUTIONS LTD,1011700948,4.74,TRACKBALL MOUSE,SN14 0TW,ADMIN
FOOD STANDARDS AGENCY - Westminster,FOOD STANDARDS AGENCY - Westminster,2016-09-26,EXP - PURCHASE OF GOODS/SERVICES - SUBSISTENCE,Contaminants Policy & Strategy Unit,REDFERN TRAVEL LTD,1011700969,2.33,BUSINESS TRAVEL WEEK 38,BD1 5HQ,ADMIN
FOOD STANDARDS AGENCY - Westminster,FOOD STANDARDS AGENCY - Westminster,2016-09-16,EXP - PURCHASE OF GOODS/SERVICES - SUBSISTENCE,Food Crime Unit - Admin,REDFERN TRAVEL LTD,1011700888,0.6,BUSINESS TRAVEL WEEK 37,BD1 5HQ,ADMIN
FOOD STANDARDS AGENCY - Westminster,FOOD STANDARDS AGENCY - Westminster,2016-09-20,EXP - PURCHASE OF GOODS/SERVICES - OTHER - PROGRAMME EXPENDITURE,Operations Local Delivery ,C E F A S,2012700059,-15386,TO CORRECT MATCHING OF INVOICE 8006056,NR33 0HT,PROGRAMME
FOOD STANDARDS AGENCY - Westminster,FOOD STANDARDS AGENCY - Westminster,2016-09-20,EXP - PURCHASE OF GOODS/SERVICES - OTHER - PROGRAMME EXPENDITURE,Operations Local Delivery ,C E F A S,2012700059,-16497.98,TO CORRECT MATCHING OF INVOICE 8006056,NR33 0HT,PROGRAMME
FOOD STANDARDS AGENCY - Westminster,FOOD STANDARDS AGENCY - Westminster,2016-09-20,EXP - PURCHASE OF GOODS/SERVICES - OTHER - PROGRAMME EXPENDITURE,Operations Local Delivery ,C E F A S,2012700059,-20652.32,TO CORRECT MATCHING OF INVOICE 8006056,NR33 0HT,PROGRAMME
FOOD STANDARDS AGENCY - Westminster,FOOD STANDARDS AGENCY - Westminster,2016-09-20,EXP - PURCHASE OF GOODS/SERVICES - OTHER - PROGRAMME EXPENDITURE,Operations Local Delivery ,C E F A S,2012700059,-22526.56,TO CORRECT MATCHING OF INVOICE 8006056,NR33 0HT,PROGRAMME
FOOD STANDARDS AGENCY - Westminster,FOOD STANDARDS AGENCY - Westminster,2016-09-20,EXP - PURCHASE OF GOODS/SERVICES - OTHER - PROGRAMME EXPENDITURE,Operations Local Delivery ,C E F A S,2012700059,-31950.8,TO CORRECT MATCHING OF INVOICE 8006056,NR33 0HT,PROGRAMME
